area_code,area_title,area_type,occ_code,occ_title,emp,a_mean,h_mean,a_median,h_median,a_pct10,a_pct25,a_pct75,a_pct90,oews_year,emp_2024,emp_2034,pct_change,annual_openings,labor_force_exits,occupational_transfers,total_separations,g_baseline
99,U.S.,1,47-2111,Electricians,742580.0,69630.0,33.47,62350.0,29.98,39430.0,48820.0,81730.0,106030.0,2024,818.7,896.1,9.5,81.0,27.0,46.2,8.5,0.009074354314209776
1,Alabama,2,47-2111,Electricians,9740.0,56340.0,27.09,52420.0,25.2,37060.0,44670.0,63730.0,76390.0,2024,818.7,896.1,9.5,81.0,27.0,46.2,8.5,0.009074354314209776
2,Alaska,2,47-2111,Electricians,1820.0,83520.0,40.15,81860.0,39.36,49820.0,61110.0,98740.0,114480.0,2024,818.7,896.1,9.5,81.0,27.0,46.2,8.5,0.009074354314209776
4,Arizona,2,47-2111,Electricians,21280.0,61520.0,29.58,59480.0,28.6,44240.0,48510.0,73060.0,81370.0,2024,818.7,896.1,9.5,81.0,27.0,46.2,8.5,0.009074354314209776
5,Arkansas,2,47-2111,Electricians,8670.0,52860.0,25.41,49420.0,23.76,35490.0,38470.0,62030.0,73060.0,2024,818.7,896.1,9.5,81.0,27.0,46.2,8.5,0.009074354314209776
6,California,2,47-2111,Electricians,73420.0,85780.0,41.24,76540.0,36.8,46630.0,59420.0,103720.0,136710.0,2024,818.7,896.1,9.5,81.0,27.0,46.2,8.5,0.009074354314209776
9,Connecticut,2,47-2111,Electricians,7570.0,74170.0,35.66,76790.0,36.92,46810.0,61770.0,89740.0,99340.0,2024,818.7,896.1,9.5,81.0,27.0,46.2,8.5,0.009074354314209776
10,Delaware,2,47-2111,Electricians,2220.0,67900.0,32.64,62970.0,30.28,38730.0,49650.0,78340.0,105110.0,2024,818.7,896.1,9.5,81.0,27.0,46.2,8.5,0.009074354314209776
11,District of Columbia,2,47-2111,Electricians,2130.0,90800.0,43.66,81950.0,39.4,51480.0,68840.0,119800.0,124490.0,2024,818.7,896.1,9.5,81.0,27.0,46.2,8.5,0.009074354314209776
12,Florida,2,47-2111,Electricians,47980.0,55490.0,26.68,53100.0,25.53,37890.0,46880.0,61040.0,71920.0,2024,818.7,896.1,9.5,81.0,27.0,46.2,8.5,0.009074354314209776
13,Georgia,2,47-2111,Electricians,20740.0,61590.0,29.61,58860.0,28.3,37320.0,46900.0,76310.0,86640.0,2024,818.7,896.1,9.5,81.0,27.0,46.2,8.5,0.009074354314209776
15,Hawaii,2,47-2111,Electricians,3020.0,86690.0,41.68,83200.0,40.0,43960.0,59940.0,115930.0,121050.0,2024,818.7,896.1,9.5,81.0,27.0,46.2,8.5,0.009074354314209776
16,Idaho,2,47-2111,Electricians,5380.0,62180.0,29.89,60670.0,29.17,38220.0,46820.0,77420.0,89890.0,2024,818.7,896.1,9.5,81.0,27.0,46.2,8.5,0.009074354314209776
17,Illinois,2,47-2111,Electricians,22880.0,89190.0,42.88,96360.0,46.33,48770.0,67690.0,108230.0,120120.0,2024,818.7,896.1,9.5,81.0,27.0,46.2,8.5,0.009074354314209776
18,Indiana,2,47-2111,Electricians,17370.0,67890.0,32.64,65480.0,31.48,39940.0,49330.0,82900.0,94730.0,2024,818.7,896.1,9.5,81.0,27.0,46.2,8.5,0.009074354314209776
19,Iowa,2,47-2111,Electricians,8900.0,63910.0,30.72,62880.0,30.23,38950.0,48010.0,80200.0,86890.0,2024,818.7,896.1,9.5,81.0,27.0,46.2,8.5,0.009074354314209776
20,Kansas,2,47-2111,Electricians,5640.0,65470.0,31.48,61830.0,29.73,37890.0,48600.0,79830.0,94400.0,2024,818.7,896.1,9.5,81.0,27.0,46.2,8.5,0.009074354314209776
21,Kentucky,2,47-2111,Electricians,10320.0,60660.0,29.17,59490.0,28.6,37130.0,47030.0,76770.0,82890.0,2024,818.7,896.1,9.5,81.0,27.0,46.2,8.5,0.009074354314209776
22,Louisiana,2,47-2111,Electricians,10810.0,59530.0,28.62,59590.0,28.65,38530.0,48280.0,66350.0,77900.0,2024,818.7,896.1,9.5,81.0,27.0,46.2,8.5,0.009074354314209776
23,Maine,2,47-2111,Electricians,3320.0,71460.0,34.36,67820.0,32.61,52600.0,62200.0,77480.0,94290.0,2024,818.7,896.1,9.5,81.0,27.0,46.2,8.5,0.009074354314209776
24,Maryland,2,47-2111,Electricians,14750.0,72390.0,34.8,65650.0,31.56,44480.0,50550.0,91340.0,108460.0,2024,818.7,896.1,9.5,81.0,27.0,46.2,8.5,0.009074354314209776
25,Massachusetts,2,47-2111,Electricians,16570.0,82140.0,39.49,82120.0,39.48,47280.0,58970.0,100420.0,122990.0,2024,818.7,896.1,9.5,81.0,27.0,46.2,8.5,0.009074354314209776
26,Michigan,2,47-2111,Electricians,24670.0,71060.0,34.17,72680.0,34.94,39090.0,48890.0,86750.0,101400.0,2024,818.7,896.1,9.5,81.0,27.0,46.2,8.5,0.009074354314209776
27,Minnesota,2,47-2111,Electricians,12970.0,83030.0,39.92,81430.0,39.15,47470.0,60860.0,102820.0,114300.0,2024,818.7,896.1,9.5,81.0,27.0,46.2,8.5,0.009074354314209776
28,Mississippi,2,47-2111,Electricians,5650.0,54810.0,26.35,57300.0,27.55,36850.0,45160.0,60870.0,72520.0,2024,818.7,896.1,9.5,81.0,27.0,46.2,8.5,0.009074354314209776
29,Missouri,2,47-2111,Electricians,12660.0,71230.0,34.24,70950.0,34.11,39240.0,48740.0,91690.0,101620.0,2024,818.7,896.1,9.5,81.0,27.0,46.2,8.5,0.009074354314209776
30,Montana,2,47-2111,Electricians,2830.0,68080.0,32.73,68980.0,33.16,48030.0,54980.0,78540.0,85520.0,2024,818.7,896.1,9.5,81.0,27.0,46.2,8.5,0.009074354314209776
31,Nebraska,2,47-2111,Electricians,6210.0,61890.0,29.76,60020.0,28.86,38800.0,47640.0,76590.0,91060.0,2024,818.7,896.1,9.5,81.0,27.0,46.2,8.5,0.009074354314209776
32,Nevada,2,47-2111,Electricians,8570.0,72120.0,34.67,64950.0,31.22,45180.0,47840.0,91930.0,114380.0,2024,818.7,896.1,9.5,81.0,27.0,46.2,8.5,0.009074354314209776
33,New Hampshire,2,47-2111,Electricians,3480.0,63440.0,30.5,61990.0,29.8,38040.0,48120.0,76370.0,90270.0,2024,818.7,896.1,9.5,81.0,27.0,46.2,8.5,0.009074354314209776
34,New Jersey,2,47-2111,Electricians,15230.0,80090.0,38.51,73090.0,35.14,38470.0,58410.0,109760.0,129190.0,2024,818.7,896.1,9.5,81.0,27.0,46.2,8.5,0.009074354314209776
35,New Mexico,2,47-2111,Electricians,5090.0,59420.0,28.57,56890.0,27.35,36590.0,45050.0,73470.0,84460.0,2024,818.7,896.1,9.5,81.0,27.0,46.2,8.5,0.009074354314209776
36,New York,2,47-2111,Electricians,40380.0,83350.0,40.07,77460.0,37.24,47140.0,60310.0,103390.0,132450.0,2024,818.7,896.1,9.5,81.0,27.0,46.2,8.5,0.009074354314209776
37,North Carolina,2,47-2111,Electricians,23660.0,55370.0,26.62,54070.0,26.0,38700.0,47000.0,61380.0,72170.0,2024,818.7,896.1,9.5,81.0,27.0,46.2,8.5,0.009074354314209776
38,North Dakota,2,47-2111,Electricians,3150.0,70330.0,33.81,65820.0,31.65,39830.0,52640.0,81860.0,101400.0,2024,818.7,896.1,9.5,81.0,27.0,46.2,8.5,0.009074354314209776
39,Ohio,2,47-2111,Electricians,27150.0,65970.0,31.71,63560.0,30.56,37710.0,48380.0,79890.0,93630.0,2024,818.7,896.1,9.5,81.0,27.0,46.2,8.5,0.009074354314209776
40,Oklahoma,2,47-2111,Electricians,8550.0,62850.0,30.21,60050.0,28.87,37080.0,47640.0,75200.0,88840.0,2024,818.7,896.1,9.5,81.0,27.0,46.2,8.5,0.009074354314209776
41,Oregon,2,47-2111,Electricians,9830.0,91950.0,44.21,97320.0,46.79,51740.0,70680.0,116140.0,120880.0,2024,818.7,896.1,9.5,81.0,27.0,46.2,8.5,0.009074354314209776
42,Pennsylvania,2,47-2111,Electricians,21860.0,73510.0,35.34,65400.0,31.44,44760.0,51910.0,87670.0,109320.0,2024,818.7,896.1,9.5,81.0,27.0,46.2,8.5,0.009074354314209776
44,Rhode Island,2,47-2111,Electricians,2300.0,70760.0,34.02,70160.0,33.73,42280.0,47530.0,88630.0,103880.0,2024,818.7,896.1,9.5,81.0,27.0,46.2,8.5,0.009074354314209776
45,South Carolina,2,47-2111,Electricians,7830.0,58420.0,28.09,58260.0,28.01,39910.0,47200.0,65010.0,76230.0,2024,818.7,896.1,9.5,81.0,27.0,46.2,8.5,0.009074354314209776
46,South Dakota,2,47-2111,Electricians,2790.0,57660.0,27.72,58550.0,28.15,41450.0,46890.0,64630.0,77980.0,2024,818.7,896.1,9.5,81.0,27.0,46.2,8.5,0.009074354314209776
47,Tennessee,2,47-2111,Electricians,19500.0,59530.0,28.62,59190.0,28.46,38360.0,47220.0,68240.0,80800.0,2024,818.7,896.1,9.5,81.0,27.0,46.2,8.5,0.009074354314209776
48,Texas,2,47-2111,Electricians,71880.0,57250.0,27.52,56920.0,27.36,37170.0,46010.0,65110.0,78100.0,2024,818.7,896.1,9.5,81.0,27.0,46.2,8.5,0.009074354314209776
49,Utah,2,47-2111,Electricians,11360.0,63010.0,30.3,61430.0,29.53,38230.0,47720.0,78000.0,82410.0,2024,818.7,896.1,9.5,81.0,27.0,46.2,8.5,0.009074354314209776
50,Vermont,2,47-2111,Electricians,1410.0,61220.0,29.43,59670.0,28.69,39130.0,50480.0,71640.0,79450.0,2024,818.7,896.1,9.5,81.0,27.0,46.2,8.5,0.009074354314209776
51,Virginia,2,47-2111,Electricians,24300.0,66630.0,32.03,61610.0,29.62,38380.0,48890.0,76550.0,110720.0,2024,818.7,896.1,9.5,81.0,27.0,46.2,8.5,0.009074354314209776
53,Washington,2,47-2111,Electricians,18380.0,93840.0,45.12,96530.0,46.41,54800.0,69520.0,115970.0,133310.0,2024,818.7,896.1,9.5,81.0,27.0,46.2,8.5,0.009074354314209776
54,West Virginia,2,47-2111,Electricians,4010.0,65890.0,31.68,63850.0,30.7,38340.0,48160.0,82440.0,88960.0,2024,818.7,896.1,9.5,81.0,27.0,46.2,8.5,0.009074354314209776
55,Wisconsin,2,47-2111,Electricians,12630.0,72760.0,34.98,75090.0,36.1,46140.0,56340.0,91030.0,99160.0,2024,818.7,896.1,9.5,81.0,27.0,46.2,8.5,0.009074354314209776
56,Wyoming,2,47-2111,Electricians,2710.0,72260.0,34.74,73450.0,35.31,47960.0,56980.0,82670.0,105350.0,2024,818.7,896.1,9.5,81.0,27.0,46.2,8.5,0.009074354314209776
8,Colorado,2,47-2111,Electricians,17140.0,64620.0,31.07,62090.0,29.85,42360.0,48350.0,77440.0,90120.0,2024,818.7,896.1,9.5,81.0,27.0,46.2,8.5,0.009074354314209776
10180,"Abilene, TX",4,47-2111,Electricians,460.0,51200.0,24.62,47500.0,22.84,36010.0,40200.0,60140.0,65620.0,2024,818.7,896.1,9.5,81.0,27.0,46.2,8.5,0.009074354314209776
10380,"Aguadilla, PR",4,47-2111,Electricians,60.0,40040.0,19.25,33810.0,16.26,21580.0,24650.0,52080.0,60760.0,2024,818.7,896.1,9.5,81.0,27.0,46.2,8.5,0.009074354314209776
10420,"Akron, OH",4,47-2111,Electricians,1430.0,74890.0,36.0,74470.0,35.8,38940.0,52280.0,93600.0,120190.0,2024,818.7,896.1,9.5,81.0,27.0,46.2,8.5,0.009074354314209776
10500,"Albany, GA",4,47-2111,Electricians,310.0,58820.0,28.28,59050.0,28.39,36110.0,46310.0,76310.0,77900.0,2024,818.7,896.1,9.5,81.0,27.0,46.2,8.5,0.009074354314209776
10540,"Albany, OR",4,47-2111,Electricians,340.0,91380.0,43.93,95710.0,46.02,54070.0,73990.0,120400.0,120400.0,2024,818.7,896.1,9.5,81.0,27.0,46.2,8.5,0.009074354314209776
10580,"Albany-Schenectady-Troy, NY",4,47-2111,Electricians,1660.0,74820.0,35.97,72820.0,35.01,44520.0,58000.0,96150.0,102620.0,2024,818.7,896.1,9.5,81.0,27.0,46.2,8.5,0.009074354314209776
10740,"Albuquerque, NM",4,47-2111,Electricians,2710.0,59250.0,28.48,57190.0,27.5,36660.0,44320.0,75560.0,80270.0,2024,818.7,896.1,9.5,81.0,27.0,46.2,8.5,0.009074354314209776
10780,"Alexandria, LA",4,47-2111,Electricians,440.0,55950.0,26.9,57010.0,27.41,45170.0,57010.0,57010.0,60060.0,2024,818.7,896.1,9.5,81.0,27.0,46.2,8.5,0.009074354314209776
10900,"Allentown-Bethlehem-Easton, PA-NJ",4,47-2111,Electricians,1140.0,73210.0,35.2,66870.0,32.15,46010.0,52810.0,89210.0,120180.0,2024,818.7,896.1,9.5,81.0,27.0,46.2,8.5,0.009074354314209776
11020,"Altoona, PA",4,47-2111,Electricians,140.0,63830.0,30.69,57150.0,27.48,38130.0,46180.0,73360.0,100140.0,2024,818.7,896.1,9.5,81.0,27.0,46.2,8.5,0.009074354314209776
11100,"Amarillo, TX",4,47-2111,Electricians,670.0,53160.0,25.56,50110.0,24.09,35100.0,38590.0,62200.0,72700.0,2024,818.7,896.1,9.5,81.0,27.0,46.2,8.5,0.009074354314209776
11180,"Ames, IA",4,47-2111,Electricians,220.0,68340.0,32.86,64360.0,30.94,45330.0,49710.0,79730.0,91180.0,2024,818.7,896.1,9.5,81.0,27.0,46.2,8.5,0.009074354314209776
11200,"Amherst Town-Northampton, MA",4,47-2111,Electricians,220.0,76250.0,36.66,79280.0,38.12,45260.0,58790.0,84270.0,100520.0,2024,818.7,896.1,9.5,81.0,27.0,46.2,8.5,0.009074354314209776
11260,"Anchorage, AK",4,47-2111,Electricians,890.0,80290.0,38.6,77830.0,37.42,47180.0,59980.0,97810.0,104190.0,2024,818.7,896.1,9.5,81.0,27.0,46.2,8.5,0.009074354314209776
11460,"Ann Arbor, MI",4,47-2111,Electricians,650.0,78840.0,37.9,82020.0,39.44,46710.0,61260.0,96140.0,101660.0,2024,818.7,896.1,9.5,81.0,27.0,46.2,8.5,0.009074354314209776
11500,"Anniston-Oxford, AL",4,47-2111,Electricians,170.0,54620.0,26.26,52190.0,25.09,36120.0,40500.0,64400.0,70530.0,2024,818.7,896.1,9.5,81.0,27.0,46.2,8.5,0.009074354314209776
11540,"Appleton, WI",4,47-2111,Electricians,840.0,69200.0,33.27,65210.0,31.35,45090.0,54080.0,81810.0,96920.0,2024,818.7,896.1,9.5,81.0,27.0,46.2,8.5,0.009074354314209776
11640,"Arecibo, PR",4,47-2111,Electricians,50.0,41470.0,19.94,34780.0,16.72,22470.0,26650.0,56290.0,64310.0,2024,818.7,896.1,9.5,81.0,27.0,46.2,8.5,0.009074354314209776
11700,"Asheville, NC",4,47-2111,Electricians,860.0,53540.0,25.74,50760.0,24.4,38030.0,46120.0,59940.0,67860.0,2024,818.7,896.1,9.5,81.0,27.0,46.2,8.5,0.009074354314209776
12020,"Athens-Clarke County, GA",4,47-2111,Electricians,380.0,59030.0,28.38,58340.0,28.05,35320.0,45120.0,77310.0,80500.0,2024,818.7,896.1,9.5,81.0,27.0,46.2,8.5,0.009074354314209776
12060,"Atlanta-Sandy Springs-Roswell, GA",4,47-2111,Electricians,12220.0,63680.0,30.62,60400.0,29.04,37220.0,48150.0,77760.0,87180.0,2024,818.7,896.1,9.5,81.0,27.0,46.2,8.5,0.009074354314209776
12100,"Atlantic City-Hammonton, NJ",4,47-2111,Electricians,690.0,71180.0,34.22,62930.0,30.26,43690.0,53570.0,82130.0,116910.0,2024,818.7,896.1,9.5,81.0,27.0,46.2,8.5,0.009074354314209776
12220,"Auburn-Opelika, AL",4,47-2111,Electricians,240.0,54400.0,26.15,49890.0,23.99,36330.0,43930.0,62720.0,72190.0,2024,818.7,896.1,9.5,81.0,27.0,46.2,8.5,0.009074354314209776
12260,"Augusta-Richmond County, GA-SC",4,47-2111,Electricians,910.0,62360.0,29.98,59930.0,28.81,37730.0,46520.0,71760.0,105800.0,2024,818.7,896.1,9.5,81.0,27.0,46.2,8.5,0.009074354314209776
12420,"Austin-Round Rock-San Marcos, TX",4,47-2111,Electricians,6190.0,58740.0,28.24,59040.0,28.38,38270.0,47100.0,70640.0,77330.0,2024,818.7,896.1,9.5,81.0,27.0,46.2,8.5,0.009074354314209776
12540,"Bakersfield-Delano, CA",4,47-2111,Electricians,1350.0,79770.0,38.35,75310.0,36.21,45720.0,58110.0,97740.0,121800.0,2024,818.7,896.1,9.5,81.0,27.0,46.2,8.5,0.009074354314209776
12580,"Baltimore-Columbia-Towson, MD",4,47-2111,Electricians,8050.0,69850.0,33.58,63060.0,30.32,43060.0,48630.0,81440.0,104980.0,2024,818.7,896.1,9.5,81.0,27.0,46.2,8.5,0.009074354314209776
12620,"Bangor, ME",4,47-2111,Electricians,270.0,70120.0,33.71,63680.0,30.62,48920.0,59280.0,75870.0,95310.0,2024,818.7,896.1,9.5,81.0,27.0,46.2,8.5,0.009074354314209776
12700,"Barnstable Town, MA",4,47-2111,Electricians,350.0,73870.0,35.52,75180.0,36.14,38470.0,52000.0,92130.0,103760.0,2024,818.7,896.1,9.5,81.0,27.0,46.2,8.5,0.009074354314209776
12940,"Baton Rouge, LA",4,47-2111,Electricians,3180.0,65180.0,31.34,64410.0,30.97,47720.0,59690.0,73910.0,78670.0,2024,818.7,896.1,9.5,81.0,27.0,46.2,8.5,0.009074354314209776
12980,"Battle Creek, MI",4,47-2111,Electricians,180.0,66180.0,31.82,64380.0,30.95,37440.0,48630.0,79590.0,91540.0,2024,818.7,896.1,9.5,81.0,27.0,46.2,8.5,0.009074354314209776
13020,"Bay City, MI",4,47-2111,Electricians,220.0,65790.0,31.63,66770.0,32.1,41070.0,48520.0,79130.0,84280.0,2024,818.7,896.1,9.5,81.0,27.0,46.2,8.5,0.009074354314209776
13140,"Beaumont-Port Arthur, TX",4,47-2111,Electricians,1900.0,58760.0,28.25,59230.0,28.48,37050.0,45280.0,70530.0,75850.0,2024,818.7,896.1,9.5,81.0,27.0,46.2,8.5,0.009074354314209776
13220,"Beckley, WV",4,47-2111,Electricians,370.0,63910.0,30.73,62160.0,29.89,37790.0,49060.0,80950.0,88710.0,2024,818.7,896.1,9.5,81.0,27.0,46.2,8.5,0.009074354314209776
13380,"Bellingham, WA",4,47-2111,Electricians,540.0,90830.0,43.67,86170.0,41.43,53850.0,65540.0,121390.0,123930.0,2024,818.7,896.1,9.5,81.0,27.0,46.2,8.5,0.009074354314209776
13460,"Bend, OR",4,47-2111,Electricians,600.0,85780.0,41.24,80750.0,38.82,49200.0,62310.0,104490.0,124880.0,2024,818.7,896.1,9.5,81.0,27.0,46.2,8.5,0.009074354314209776
13740,"Billings, MT",4,47-2111,Electricians,460.0,72280.0,34.75,78160.0,37.58,48240.0,58920.0,81300.0,94780.0,2024,818.7,896.1,9.5,81.0,27.0,46.2,8.5,0.009074354314209776
13780,"Binghamton, NY",4,47-2111,Electricians,360.0,73200.0,35.19,78470.0,37.73,38690.0,51110.0,85290.0,100610.0,2024,818.7,896.1,9.5,81.0,27.0,46.2,8.5,0.009074354314209776
13820,"Birmingham, AL",4,47-2111,Electricians,2480.0,56010.0,26.93,53780.0,25.85,37940.0,45910.0,62740.0,76240.0,2024,818.7,896.1,9.5,81.0,27.0,46.2,8.5,0.009074354314209776
13900,"Bismarck, ND",4,47-2111,Electricians,380.0,64400.0,30.96,58300.0,28.03,38580.0,47560.0,80210.0,83680.0,2024,818.7,896.1,9.5,81.0,27.0,46.2,8.5,0.009074354314209776
13980,"Blacksburg-Christiansburg-Radford, VA",4,47-2111,Electricians,300.0,59270.0,28.5,58390.0,28.07,37320.0,50210.0,68930.0,76270.0,2024,818.7,896.1,9.5,81.0,27.0,46.2,8.5,0.009074354314209776
14010,"Bloomington, IL",4,47-2111,Electricians,300.0,81300.0,39.09,86650.0,41.66,46230.0,67800.0,98320.0,100650.0,2024,818.7,896.1,9.5,81.0,27.0,46.2,8.5,0.009074354314209776
14020,"Bloomington, IN",4,47-2111,Electricians,230.0,68780.0,33.07,64340.0,30.93,46080.0,51710.0,86910.0,92220.0,2024,818.7,896.1,9.5,81.0,27.0,46.2,8.5,0.009074354314209776
14260,"Boise City, ID",4,47-2111,Electricians,2350.0,60600.0,29.13,60240.0,28.96,38370.0,46820.0,77030.0,81010.0,2024,818.7,896.1,9.5,81.0,27.0,46.2,8.5,0.009074354314209776
14460,"Boston-Cambridge-Newton, MA-NH",4,47-2111,Electricians,12540.0,83410.0,40.1,83450.0,40.12,47970.0,60880.0,101390.0,128660.0,2024,818.7,896.1,9.5,81.0,27.0,46.2,8.5,0.009074354314209776
14540,"Bowling Green, KY",4,47-2111,Electricians,440.0,58920.0,28.33,55640.0,26.75,35580.0,47690.0,68580.0,90870.0,2024,818.7,896.1,9.5,81.0,27.0,46.2,8.5,0.009074354314209776
14580,"Bozeman, MT",4,47-2111,Electricians,430.0,68760.0,33.06,66760.0,32.1,48870.0,59910.0,79240.0,89230.0,2024,818.7,896.1,9.5,81.0,27.0,46.2,8.5,0.009074354314209776
14740,"Bremerton-Silverdale-Port Orchard, WA",4,47-2111,Electricians,1110.0,74610.0,35.87,75750.0,36.42,51250.0,59180.0,84780.0,99090.0,2024,818.7,896.1,9.5,81.0,27.0,46.2,8.5,0.009074354314209776
14860,"Bridgeport-Stamford-Danbury, CT",4,47-2111,Electricians,1690.0,75740.0,36.41,78270.0,37.63,46950.0,61990.0,88000.0,104500.0,2024,818.7,896.1,9.5,81.0,27.0,46.2,8.5,0.009074354314209776
15180,"Brownsville-Harlingen, TX",4,47-2111,Electricians,620.0,44770.0,21.53,44900.0,21.59,30120.0,35710.0,50130.0,60830.0,2024,818.7,896.1,9.5,81.0,27.0,46.2,8.5,0.009074354314209776
15260,"Brunswick-St. Simons, GA",4,47-2111,Electricians,150.0,56430.0,27.13,49670.0,23.88,37190.0,41500.0,62390.0,80400.0,2024,818.7,896.1,9.5,81.0,27.0,46.2,8.5,0.009074354314209776
15380,"Buffalo-Cheektowaga, NY",4,47-2111,Electricians,2260.0,75000.0,36.06,78590.0,37.78,42220.0,57090.0,90700.0,105350.0,2024,818.7,896.1,9.5,81.0,27.0,46.2,8.5,0.009074354314209776
15500,"Burlington, NC",4,47-2111,Electricians,290.0,51780.0,24.89,48230.0,23.19,37650.0,45280.0,60070.0,63430.0,2024,818.7,896.1,9.5,81.0,27.0,46.2,8.5,0.009074354314209776
15540,"Burlington-South Burlington, VT",4,47-2111,Electricians,570.0,64340.0,30.93,61340.0,29.49,47020.0,56090.0,72800.0,89920.0,2024,818.7,896.1,9.5,81.0,27.0,46.2,8.5,0.009074354314209776
15940,"Canton-Massillon, OH",4,47-2111,Electricians,1180.0,69010.0,33.18,81120.0,39.0,43710.0,59010.0,81120.0,81120.0,2024,818.7,896.1,9.5,81.0,27.0,46.2,8.5,0.009074354314209776
15980,"Cape Coral-Fort Myers, FL",4,47-2111,Electricians,1950.0,53700.0,25.82,50360.0,24.21,36960.0,46430.0,59770.0,65770.0,2024,818.7,896.1,9.5,81.0,27.0,46.2,8.5,0.009074354314209776
16020,"Cape Girardeau, MO-IL",4,47-2111,Electricians,140.0,58600.0,28.17,58160.0,27.96,36890.0,46230.0,71760.0,76010.0,2024,818.7,896.1,9.5,81.0,27.0,46.2,8.5,0.009074354314209776
16180,"Carson City, NV",4,47-2111,Electricians,300.0,76620.0,36.84,76950.0,37.0,45930.0,48890.0,102690.0,102690.0,2024,818.7,896.1,9.5,81.0,27.0,46.2,8.5,0.009074354314209776
16220,"Casper, WY",4,47-2111,Electricians,410.0,66070.0,31.77,66860.0,32.15,46740.0,50190.0,77770.0,92670.0,2024,818.7,896.1,9.5,81.0,27.0,46.2,8.5,0.009074354314209776
16300,"Cedar Rapids, IA",4,47-2111,Electricians,1590.0,55940.0,26.89,48770.0,23.45,38950.0,38950.0,64010.0,85470.0,2024,818.7,896.1,9.5,81.0,27.0,46.2,8.5,0.009074354314209776
16540,"Chambersburg, PA",4,47-2111,Electricians,110.0,60790.0,29.22,59860.0,28.78,36540.0,48280.0,72510.0,77140.0,2024,818.7,896.1,9.5,81.0,27.0,46.2,8.5,0.009074354314209776
16580,"Champaign-Urbana, IL",4,47-2111,Electricians,450.0,82490.0,39.66,91390.0,43.94,45390.0,61070.0,102920.0,102920.0,2024,818.7,896.1,9.5,81.0,27.0,46.2,8.5,0.009074354314209776
16620,"Charleston, WV",4,47-2111,Electricians,560.0,64970.0,31.24,62650.0,30.12,37800.0,47780.0,82060.0,90210.0,2024,818.7,896.1,9.5,81.0,27.0,46.2,8.5,0.009074354314209776
16700,"Charleston-North Charleston, SC",4,47-2111,Electricians,1730.0,58620.0,28.18,57220.0,27.51,44610.0,49480.0,64310.0,73940.0,2024,818.7,896.1,9.5,81.0,27.0,46.2,8.5,0.009074354314209776
16740,"Charlotte-Concord-Gastonia, NC-SC",4,47-2111,Electricians,6420.0,57300.0,27.55,55790.0,26.82,40680.0,48550.0,61970.0,73670.0,2024,818.7,896.1,9.5,81.0,27.0,46.2,8.5,0.009074354314209776
16820,"Charlottesville, VA",4,47-2111,Electricians,700.0,63300.0,30.43,62500.0,30.05,38170.0,47390.0,74270.0,101920.0,2024,818.7,896.1,9.5,81.0,27.0,46.2,8.5,0.009074354314209776
16860,"Chattanooga, TN-GA",4,47-2111,Electricians,2060.0,60110.0,28.9,58770.0,28.25,37210.0,47060.0,73450.0,77620.0,2024,818.7,896.1,9.5,81.0,27.0,46.2,8.5,0.009074354314209776
16940,"Cheyenne, WY",4,47-2111,Electricians,410.0,68300.0,32.84,72520.0,34.86,47440.0,56510.0,77410.0,84240.0,2024,818.7,896.1,9.5,81.0,27.0,46.2,8.5,0.009074354314209776
16980,"Chicago-Naperville-Elgin, IL-IN",4,47-2111,Electricians,16690.0,92320.0,44.39,99540.0,47.86,50310.0,70360.0,113580.0,120770.0,2024,818.7,896.1,9.5,81.0,27.0,46.2,8.5,0.009074354314209776
17020,"Chico, CA",4,47-2111,Electricians,330.0,76070.0,36.57,72620.0,34.91,48090.0,56860.0,94120.0,120850.0,2024,818.7,896.1,9.5,81.0,27.0,46.2,8.5,0.009074354314209776
17140,"Cincinnati, OH-KY-IN",4,47-2111,Electricians,5450.0,63350.0,30.46,62060.0,29.84,37870.0,47850.0,78120.0,90880.0,2024,818.7,896.1,9.5,81.0,27.0,46.2,8.5,0.009074354314209776
17300,"Clarksville, TN-KY",4,47-2111,Electricians,460.0,59830.0,28.77,57350.0,27.57,37760.0,47400.0,73520.0,81800.0,2024,818.7,896.1,9.5,81.0,27.0,46.2,8.5,0.009074354314209776
17410,"Cleveland, OH",4,47-2111,Electricians,4680.0,67840.0,32.62,65630.0,31.55,38190.0,49260.0,81230.0,97850.0,2024,818.7,896.1,9.5,81.0,27.0,46.2,8.5,0.009074354314209776
17420,"Cleveland, TN",4,47-2111,Electricians,160.0,57670.0,27.73,58350.0,28.05,39110.0,48710.0,62900.0,76570.0,2024,818.7,896.1,9.5,81.0,27.0,46.2,8.5,0.009074354314209776
17660,"Coeur d'Alene, ID",4,47-2111,Electricians,520.0,62130.0,29.87,61050.0,29.35,38290.0,46400.0,77640.0,91250.0,2024,818.7,896.1,9.5,81.0,27.0,46.2,8.5,0.009074354314209776
17780,"College Station-Bryan, TX",4,47-2111,Electricians,450.0,52030.0,25.02,49790.0,23.94,36570.0,42190.0,59640.0,72900.0,2024,818.7,896.1,9.5,81.0,27.0,46.2,8.5,0.009074354314209776
17860,"Columbia, MO",4,47-2111,Electricians,300.0,62570.0,30.08,58680.0,28.21,35720.0,45950.0,76900.0,98930.0,2024,818.7,896.1,9.5,81.0,27.0,46.2,8.5,0.009074354314209776
17900,"Columbia, SC",4,47-2111,Electricians,1090.0,61610.0,29.62,61220.0,29.43,41140.0,49060.0,76230.0,76230.0,2024,818.7,896.1,9.5,81.0,27.0,46.2,8.5,0.009074354314209776
17980,"Columbus, GA-AL",4,47-2111,Electricians,410.0,51590.0,24.8,49380.0,23.74,35510.0,39670.0,59860.0,72660.0,2024,818.7,896.1,9.5,81.0,27.0,46.2,8.5,0.009074354314209776
18020,"Columbus, IN",4,47-2111,Electricians,270.0,72560.0,34.89,80850.0,38.87,48970.0,58930.0,82480.0,83330.0,2024,818.7,896.1,9.5,81.0,27.0,46.2,8.5,0.009074354314209776
18140,"Columbus, OH",4,47-2111,Electricians,5390.0,66040.0,31.75,63160.0,30.36,37960.0,48710.0,79540.0,92800.0,2024,818.7,896.1,9.5,81.0,27.0,46.2,8.5,0.009074354314209776
18580,"Corpus Christi, TX",4,47-2111,Electricians,980.0,55570.0,26.72,55370.0,26.62,36410.0,45500.0,62300.0,73780.0,2024,818.7,896.1,9.5,81.0,27.0,46.2,8.5,0.009074354314209776
18700,"Corvallis, OR",4,47-2111,Electricians,70.0,88650.0,42.62,97320.0,46.79,57840.0,72670.0,99650.0,112320.0,2024,818.7,896.1,9.5,81.0,27.0,46.2,8.5,0.009074354314209776
18880,"Crestview-Fort Walton Beach-Destin, FL",4,47-2111,Electricians,580.0,55240.0,26.56,53020.0,25.49,37290.0,46110.0,61690.0,75460.0,2024,818.7,896.1,9.5,81.0,27.0,46.2,8.5,0.009074354314209776
19100,"Dallas-Fort Worth-Arlington, TX",4,47-2111,Electricians,20770.0,59400.0,28.56,57760.0,27.77,38450.0,47830.0,69940.0,80930.0,2024,818.7,896.1,9.5,81.0,27.0,46.2,8.5,0.009074354314209776
19140,"Dalton, GA",4,47-2111,Electricians,190.0,62270.0,29.94,57900.0,27.84,36840.0,45370.0,77570.0,102610.0,2024,818.7,896.1,9.5,81.0,27.0,46.2,8.5,0.009074354314209776
19300,"Daphne-Fairhope-Foley, AL",4,47-2111,Electricians,360.0,51910.0,24.96,49490.0,23.79,37230.0,44100.0,58980.0,67590.0,2024,818.7,896.1,9.5,81.0,27.0,46.2,8.5,0.009074354314209776
19340,"Davenport-Moline-Rock Island, IA-IL",4,47-2111,Electricians,1350.0,71430.0,34.34,78410.0,37.7,39800.0,51280.0,82100.0,98960.0,2024,818.7,896.1,9.5,81.0,27.0,46.2,8.5,0.009074354314209776
19430,"Dayton-Kettering-Beavercreek, OH",4,47-2111,Electricians,1790.0,61190.0,29.42,61390.0,29.51,36460.0,46720.0,75740.0,80120.0,2024,818.7,896.1,9.5,81.0,27.0,46.2,8.5,0.009074354314209776
19460,"Decatur, AL",4,47-2111,Electricians,450.0,72330.0,34.77,61990.0,29.8,38620.0,49180.0,98220.0,129770.0,2024,818.7,896.1,9.5,81.0,27.0,46.2,8.5,0.009074354314209776
19500,"Decatur, IL",4,47-2111,Electricians,440.0,88500.0,42.55,102960.0,49.5,49510.0,74930.0,106060.0,112460.0,2024,818.7,896.1,9.5,81.0,27.0,46.2,8.5,0.009074354314209776
19660,"Deltona-Daytona Beach-Ormond Beach, FL",4,47-2111,Electricians,1120.0,51250.0,24.64,49150.0,23.63,35770.0,40610.0,57260.0,63150.0,2024,818.7,896.1,9.5,81.0,27.0,46.2,8.5,0.009074354314209776
19780,"Des Moines-West Des Moines, IA",4,47-2111,Electricians,2440.0,67140.0,32.28,64650.0,31.08,39120.0,49020.0,83000.0,94330.0,2024,818.7,896.1,9.5,81.0,27.0,46.2,8.5,0.009074354314209776
19820,"Detroit-Warren-Dearborn, MI",4,47-2111,Electricians,11840.0,75730.0,36.41,80330.0,38.62,44640.0,58260.0,91110.0,102850.0,2024,818.7,896.1,9.5,81.0,27.0,46.2,8.5,0.009074354314209776
20020,"Dothan, AL",4,47-2111,Electricians,220.0,49370.0,23.74,46960.0,22.58,35400.0,37500.0,55680.0,67680.0,2024,818.7,896.1,9.5,81.0,27.0,46.2,8.5,0.009074354314209776
20100,"Dover, DE",4,47-2111,Electricians,350.0,60360.0,29.02,58420.0,28.09,36350.0,46210.0,71010.0,82490.0,2024,818.7,896.1,9.5,81.0,27.0,46.2,8.5,0.009074354314209776
20220,"Dubuque, IA",4,47-2111,Electricians,200.0,64220.0,30.87,63810.0,30.68,40750.0,49020.0,77790.0,79580.0,2024,818.7,896.1,9.5,81.0,27.0,46.2,8.5,0.009074354314209776
20260,"Duluth, MN-WI",4,47-2111,Electricians,680.0,77380.0,37.2,83970.0,40.37,46970.0,59170.0,95930.0,98870.0,2024,818.7,896.1,9.5,81.0,27.0,46.2,8.5,0.009074354314209776
20500,"Durham-Chapel Hill, NC",4,47-2111,Electricians,1480.0,61400.0,29.52,57700.0,27.74,45650.0,55270.0,66720.0,78300.0,2024,818.7,896.1,9.5,81.0,27.0,46.2,8.5,0.009074354314209776
20580,"Eagle Pass, TX",4,47-2111,Electricians,60.0,47600.0,22.88,45700.0,21.97,25350.0,32860.0,57460.0,70750.0,2024,818.7,896.1,9.5,81.0,27.0,46.2,8.5,0.009074354314209776
20740,"Eau Claire, WI",4,47-2111,Electricians,320.0,71090.0,34.18,73840.0,35.5,44860.0,57300.0,90100.0,94620.0,2024,818.7,896.1,9.5,81.0,27.0,46.2,8.5,0.009074354314209776
20940,"El Centro, CA",4,47-2111,Electricians,160.0,79350.0,38.15,75580.0,36.34,47710.0,59520.0,97930.0,117890.0,2024,818.7,896.1,9.5,81.0,27.0,46.2,8.5,0.009074354314209776
21060,"Elizabethtown, KY",4,47-2111,Electricians,420.0,54320.0,26.12,53020.0,25.49,35040.0,45700.0,59300.0,69040.0,2024,818.7,896.1,9.5,81.0,27.0,46.2,8.5,0.009074354314209776
21140,"Elkhart-Goshen, IN",4,47-2111,Electricians,510.0,54110.0,26.02,50500.0,24.28,24890.0,39070.0,65860.0,80510.0,2024,818.7,896.1,9.5,81.0,27.0,46.2,8.5,0.009074354314209776
21300,"Elmira, NY",4,47-2111,Electricians,120.0,65510.0,31.49,66760.0,32.1,33580.0,43640.0,85860.0,92090.0,2024,818.7,896.1,9.5,81.0,27.0,46.2,8.5,0.009074354314209776
21340,"El Paso, TX",4,47-2111,Electricians,1460.0,49760.0,23.92,46580.0,22.4,31200.0,37250.0,57750.0,69520.0,2024,818.7,896.1,9.5,81.0,27.0,46.2,8.5,0.009074354314209776
21420,"Enid, OK",4,47-2111,Electricians,180.0,58420.0,28.09,51960.0,24.98,34210.0,34380.0,77530.0,82180.0,2024,818.7,896.1,9.5,81.0,27.0,46.2,8.5,0.009074354314209776
21500,"Erie, PA",4,47-2111,Electricians,380.0,66300.0,31.87,64980.0,31.24,38870.0,49300.0,83220.0,91870.0,2024,818.7,896.1,9.5,81.0,27.0,46.2,8.5,0.009074354314209776
21660,"Eugene-Springfield, OR",4,47-2111,Electricians,700.0,84140.0,40.45,84440.0,40.6,48620.0,63310.0,100660.0,119540.0,2024,818.7,896.1,9.5,81.0,27.0,46.2,8.5,0.009074354314209776
21780,"Evansville, IN",4,47-2111,Electricians,1020.0,68830.0,33.09,77000.0,37.02,39670.0,53420.0,78320.0,93110.0,2024,818.7,896.1,9.5,81.0,27.0,46.2,8.5,0.009074354314209776
21820,"Fairbanks-College, AK",4,47-2111,Electricians,270.0,83810.0,40.3,93710.0,45.05,57520.0,65710.0,98740.0,98740.0,2024,818.7,896.1,9.5,81.0,27.0,46.2,8.5,0.009074354314209776
22020,"Fargo, ND-MN",4,47-2111,Electricians,860.0,69260.0,33.3,73560.0,35.37,41560.0,51620.0,81750.0,97300.0,2024,818.7,896.1,9.5,81.0,27.0,46.2,8.5,0.009074354314209776
22140,"Farmington, NM",4,47-2111,Electricians,360.0,64380.0,30.95,59050.0,28.39,36520.0,49400.0,74950.0,109990.0,2024,818.7,896.1,9.5,81.0,27.0,46.2,8.5,0.009074354314209776
22180,"Fayetteville, NC",4,47-2111,Electricians,800.0,57340.0,27.57,54190.0,26.05,43170.0,48690.0,62920.0,81360.0,2024,818.7,896.1,9.5,81.0,27.0,46.2,8.5,0.009074354314209776
22220,"Fayetteville-Springdale-Rogers, AR",4,47-2111,Electricians,2010.0,53460.0,25.7,51030.0,24.54,36100.0,39540.0,63030.0,70970.0,2024,818.7,896.1,9.5,81.0,27.0,46.2,8.5,0.009074354314209776
22380,"Flagstaff, AZ",4,47-2111,Electricians,300.0,60560.0,29.12,60150.0,28.92,46520.0,47320.0,72790.0,80800.0,2024,818.7,896.1,9.5,81.0,27.0,46.2,8.5,0.009074354314209776
22420,"Flint, MI",4,47-2111,Electricians,780.0,72980.0,35.09,78840.0,37.9,38050.0,54070.0,89760.0,100170.0,2024,818.7,896.1,9.5,81.0,27.0,46.2,8.5,0.009074354314209776
22500,"Florence, SC",4,47-2111,Electricians,260.0,55480.0,26.67,51400.0,24.71,41380.0,47180.0,61540.0,73450.0,2024,818.7,896.1,9.5,81.0,27.0,46.2,8.5,0.009074354314209776
22520,"Florence-Muscle Shoals, AL",4,47-2111,Electricians,490.0,58430.0,28.09,56650.0,27.23,37020.0,42190.0,69770.0,95310.0,2024,818.7,896.1,9.5,81.0,27.0,46.2,8.5,0.009074354314209776
22540,"Fond du Lac, WI",4,47-2111,Electricians,180.0,75750.0,36.42,78840.0,37.9,48450.0,58780.0,84350.0,100140.0,2024,818.7,896.1,9.5,81.0,27.0,46.2,8.5,0.009074354314209776
22900,"Fort Smith, AR-OK",4,47-2111,Electricians,380.0,51530.0,24.77,49510.0,23.8,34320.0,38650.0,59890.0,73330.0,2024,818.7,896.1,9.5,81.0,27.0,46.2,8.5,0.009074354314209776
23060,"Fort Wayne, IN",4,47-2111,Electricians,1450.0,64650.0,31.08,66510.0,31.98,41980.0,50590.0,77620.0,84340.0,2024,818.7,896.1,9.5,81.0,27.0,46.2,8.5,0.009074354314209776
23420,"Fresno, CA",4,47-2111,Electricians,1850.0,74410.0,35.77,68410.0,32.89,44070.0,49600.0,92520.0,119260.0,2024,818.7,896.1,9.5,81.0,27.0,46.2,8.5,0.009074354314209776
23460,"Gadsden, AL",4,47-2111,Electricians,110.0,46190.0,22.21,44740.0,21.51,33070.0,36810.0,53830.0,59530.0,2024,818.7,896.1,9.5,81.0,27.0,46.2,8.5,0.009074354314209776
23540,"Gainesville, FL",4,47-2111,Electricians,570.0,53150.0,25.55,50010.0,24.04,37530.0,47280.0,57990.0,64860.0,2024,818.7,896.1,9.5,81.0,27.0,46.2,8.5,0.009074354314209776
23580,"Gainesville, GA",4,47-2111,Electricians,250.0,59460.0,28.59,57010.0,27.41,39540.0,46420.0,68820.0,78500.0,2024,818.7,896.1,9.5,81.0,27.0,46.2,8.5,0.009074354314209776
23900,"Gettysburg, PA",4,47-2111,Electricians,130.0,61950.0,29.78,60120.0,28.9,39970.0,47550.0,73010.0,77760.0,2024,818.7,896.1,9.5,81.0,27.0,46.2,8.5,0.009074354314209776
24020,"Glens Falls, NY",4,47-2111,Electricians,190.0,75160.0,36.13,71920.0,34.58,43150.0,53420.0,103070.0,114650.0,2024,818.7,896.1,9.5,81.0,27.0,46.2,8.5,0.009074354314209776
24140,"Goldsboro, NC",4,47-2111,Electricians,140.0,50700.0,24.38,46480.0,22.35,37400.0,41480.0,58150.0,66350.0,2024,818.7,896.1,9.5,81.0,27.0,46.2,8.5,0.009074354314209776
24220,"Grand Forks, ND-MN",4,47-2111,Electricians,290.0,67860.0,32.63,66310.0,31.88,37930.0,51280.0,79470.0,99570.0,2024,818.7,896.1,9.5,81.0,27.0,46.2,8.5,0.009074354314209776
24260,"Grand Island, NE",4,47-2111,Electricians,220.0,55430.0,26.65,51140.0,24.59,36940.0,47360.0,62610.0,75150.0,2024,818.7,896.1,9.5,81.0,27.0,46.2,8.5,0.009074354314209776
24340,"Grand Rapids-Wyoming-Kentwood, MI",4,47-2111,Electricians,2980.0,65560.0,31.52,62340.0,29.97,38460.0,47730.0,79810.0,95960.0,2024,818.7,896.1,9.5,81.0,27.0,46.2,8.5,0.009074354314209776
24420,"Grants Pass, OR",4,47-2111,Electricians,60.0,82720.0,39.77,80190.0,38.55,51130.0,60110.0,101310.0,123640.0,2024,818.7,896.1,9.5,81.0,27.0,46.2,8.5,0.009074354314209776
24500,"Great Falls, MT",4,47-2111,Electricians,120.0,69450.0,33.39,74580.0,35.86,46810.0,58260.0,77840.0,84590.0,2024,818.7,896.1,9.5,81.0,27.0,46.2,8.5,0.009074354314209776
24580,"Green Bay, WI",4,47-2111,Electricians,840.0,69930.0,33.62,74080.0,35.62,45160.0,52030.0,84330.0,95540.0,2024,818.7,896.1,9.5,81.0,27.0,46.2,8.5,0.009074354314209776
24660,"Greensboro-High Point, NC",4,47-2111,Electricians,1800.0,54960.0,26.42,56550.0,27.19,39030.0,47190.0,60930.0,68190.0,2024,818.7,896.1,9.5,81.0,27.0,46.2,8.5,0.009074354314209776
24780,"Greenville, NC",4,47-2111,Electricians,470.0,53880.0,25.9,53480.0,25.71,38750.0,47750.0,60400.0,64690.0,2024,818.7,896.1,9.5,81.0,27.0,46.2,8.5,0.009074354314209776
24860,"Greenville-Anderson-Greer, SC",4,47-2111,Electricians,1590.0,60150.0,28.92,61480.0,29.56,42610.0,48120.0,65010.0,76880.0,2024,818.7,896.1,9.5,81.0,27.0,46.2,8.5,0.009074354314209776
25060,"Gulfport-Biloxi, MS",4,47-2111,Electricians,2030.0,58830.0,28.28,60870.0,29.27,45840.0,55050.0,60870.0,66410.0,2024,818.7,896.1,9.5,81.0,27.0,46.2,8.5,0.009074354314209776
25180,"Hagerstown-Martinsburg, MD-WV",4,47-2111,Electricians,440.0,66900.0,32.16,61830.0,29.73,43750.0,51810.0,79500.0,96260.0,2024,818.7,896.1,9.5,81.0,27.0,46.2,8.5,0.009074354314209776
25220,"Hammond, LA",4,47-2111,Electricians,130.0,55100.0,26.49,53780.0,25.86,35830.0,46160.0,60060.0,74520.0,2024,818.7,896.1,9.5,81.0,27.0,46.2,8.5,0.009074354314209776
25260,"Hanford-Corcoran, CA",4,47-2111,Electricians,160.0,73900.0,35.53,68370.0,32.87,43270.0,58460.0,87850.0,106560.0,2024,818.7,896.1,9.5,81.0,27.0,46.2,8.5,0.009074354314209776
25420,"Harrisburg-Carlisle, PA",4,47-2111,Electricians,960.0,72690.0,34.95,70640.0,33.96,41920.0,51910.0,84130.0,103200.0,2024,818.7,896.1,9.5,81.0,27.0,46.2,8.5,0.009074354314209776
25500,"Harrisonburg, VA",4,47-2111,Electricians,360.0,61400.0,29.52,61650.0,29.64,39970.0,46970.0,76560.0,80660.0,2024,818.7,896.1,9.5,81.0,27.0,46.2,8.5,0.009074354314209776
25540,"Hartford-West Hartford-East Hartford, CT",4,47-2111,Electricians,2820.0,74020.0,35.59,76790.0,36.92,46900.0,62290.0,89090.0,99040.0,2024,818.7,896.1,9.5,81.0,27.0,46.2,8.5,0.009074354314209776
25620,"Hattiesburg, MS",4,47-2111,Electricians,220.0,52660.0,25.32,47330.0,22.76,31870.0,38350.0,63160.0,89580.0,2024,818.7,896.1,9.5,81.0,27.0,46.2,8.5,0.009074354314209776
25740,"Helena, MT",4,47-2111,Electricians,240.0,64930.0,31.22,62880.0,30.23,47950.0,49650.0,75970.0,79240.0,2024,818.7,896.1,9.5,81.0,27.0,46.2,8.5,0.009074354314209776
25860,"Hickory-Lenoir-Morganton, NC",4,47-2111,Electricians,690.0,54140.0,26.03,52620.0,25.3,38290.0,46230.0,60790.0,67530.0,2024,818.7,896.1,9.5,81.0,27.0,46.2,8.5,0.009074354314209776
25940,"Hilton Head Island-Bluffton-Port Royal, SC",4,47-2111,Electricians,220.0,54600.0,26.25,47950.0,23.05,39690.0,46310.0,61450.0,69160.0,2024,818.7,896.1,9.5,81.0,27.0,46.2,8.5,0.009074354314209776
25980,"Hinesville, GA",4,47-2111,Electricians,40.0,66210.0,31.83,62150.0,29.88,47160.0,60790.0,70620.0,84660.0,2024,818.7,896.1,9.5,81.0,27.0,46.2,8.5,0.009074354314209776
26140,"Homosassa Springs, FL",4,47-2111,Electricians,210.0,51590.0,24.8,47790.0,22.97,36140.0,41000.0,56770.0,68290.0,2024,818.7,896.1,9.5,81.0,27.0,46.2,8.5,0.009074354314209776
26300,"Hot Springs, AR",4,47-2111,Electricians,260.0,47070.0,22.63,45770.0,22.01,30920.0,36520.0,57400.0,61790.0,2024,818.7,896.1,9.5,81.0,27.0,46.2,8.5,0.009074354314209776
26380,"Houma-Bayou Cane-Thibodaux, LA",4,47-2111,Electricians,550.0,58030.0,27.9,57560.0,27.67,41050.0,46950.0,65810.0,75760.0,2024,818.7,896.1,9.5,81.0,27.0,46.2,8.5,0.009074354314209776
26420,"Houston-Pasadena-The Woodlands, TX",4,47-2111,Electricians,17860.0,59060.0,28.39,59180.0,28.45,37710.0,46330.0,67210.0,79430.0,2024,818.7,896.1,9.5,81.0,27.0,46.2,8.5,0.009074354314209776
26580,"Huntington-Ashland, WV-KY-OH",4,47-2111,Electricians,780.0,60150.0,28.92,60870.0,29.27,36340.0,46730.0,72480.0,83950.0,2024,818.7,896.1,9.5,81.0,27.0,46.2,8.5,0.009074354314209776
26620,"Huntsville, AL",4,47-2111,Electricians,840.0,57140.0,27.47,56230.0,27.03,39000.0,47810.0,62660.0,76390.0,2024,818.7,896.1,9.5,81.0,27.0,46.2,8.5,0.009074354314209776
26820,"Idaho Falls, ID",4,47-2111,Electricians,500.0,64030.0,30.79,61210.0,29.43,37480.0,45410.0,77370.0,98250.0,2024,818.7,896.1,9.5,81.0,27.0,46.2,8.5,0.009074354314209776
26900,"Indianapolis-Carmel-Greenwood, IN",4,47-2111,Electricians,4940.0,67730.0,32.56,64120.0,30.83,39970.0,49500.0,83230.0,95180.0,2024,818.7,896.1,9.5,81.0,27.0,46.2,8.5,0.009074354314209776
26980,"Iowa City, IA",4,47-2111,Electricians,330.0,62250.0,29.93,62670.0,30.13,38680.0,48360.0,74890.0,80200.0,2024,818.7,896.1,9.5,81.0,27.0,46.2,8.5,0.009074354314209776
27060,"Ithaca, NY",4,47-2111,Electricians,100.0,71190.0,34.23,71730.0,34.49,49320.0,59250.0,78460.0,92670.0,2024,818.7,896.1,9.5,81.0,27.0,46.2,8.5,0.009074354314209776
27100,"Jackson, MI",4,47-2111,Electricians,260.0,67300.0,32.36,61230.0,29.44,37810.0,47890.0,81110.0,102030.0,2024,818.7,896.1,9.5,81.0,27.0,46.2,8.5,0.009074354314209776
27140,"Jackson, MS",4,47-2111,Electricians,960.0,50250.0,24.16,47610.0,22.89,35310.0,39490.0,58860.0,69440.0,2024,818.7,896.1,9.5,81.0,27.0,46.2,8.5,0.009074354314209776
27180,"Jackson, TN",4,47-2111,Electricians,520.0,56650.0,27.23,56020.0,26.93,36470.0,44820.0,63140.0,79580.0,2024,818.7,896.1,9.5,81.0,27.0,46.2,8.5,0.009074354314209776
27260,"Jacksonville, FL",4,47-2111,Electricians,3940.0,56220.0,27.03,55880.0,26.87,37660.0,47310.0,62160.0,72020.0,2024,818.7,896.1,9.5,81.0,27.0,46.2,8.5,0.009074354314209776
27340,"Jacksonville, NC",4,47-2111,Electricians,170.0,53580.0,25.76,51540.0,24.78,35940.0,45770.0,61900.0,68700.0,2024,818.7,896.1,9.5,81.0,27.0,46.2,8.5,0.009074354314209776
27500,"Janesville-Beloit, WI",4,47-2111,Electricians,400.0,78520.0,37.75,81640.0,39.25,47350.0,60570.0,94510.0,96130.0,2024,818.7,896.1,9.5,81.0,27.0,46.2,8.5,0.009074354314209776
27620,"Jefferson City, MO",4,47-2111,Electricians,420.0,64950.0,31.23,61960.0,29.79,38000.0,47910.0,78630.0,84300.0,2024,818.7,896.1,9.5,81.0,27.0,46.2,8.5,0.009074354314209776
27740,"Johnson City, TN",4,47-2111,Electricians,300.0,59250.0,28.49,51580.0,24.8,38470.0,41720.0,70350.0,98920.0,2024,818.7,896.1,9.5,81.0,27.0,46.2,8.5,0.009074354314209776
27780,"Johnstown, PA",4,47-2111,Electricians,160.0,72380.0,34.8,64630.0,31.07,45510.0,49660.0,97870.0,97870.0,2024,818.7,896.1,9.5,81.0,27.0,46.2,8.5,0.009074354314209776
27860,"Jonesboro, AR",4,47-2111,Electricians,390.0,52000.0,25.0,50650.0,24.35,36250.0,41140.0,60400.0,63580.0,2024,818.7,896.1,9.5,81.0,27.0,46.2,8.5,0.009074354314209776
27900,"Joplin, MO-KS",4,47-2111,Electricians,410.0,68880.0,33.12,65220.0,31.36,40330.0,47780.0,95390.0,96800.0,2024,818.7,896.1,9.5,81.0,27.0,46.2,8.5,0.009074354314209776
27980,"Kahului-Wailuku, HI",4,47-2111,Electricians,260.0,85420.0,41.07,80600.0,38.75,44000.0,50180.0,110660.0,129710.0,2024,818.7,896.1,9.5,81.0,27.0,46.2,8.5,0.009074354314209776
28020,"Kalamazoo-Portage, MI",4,47-2111,Electricians,710.0,69610.0,33.47,63970.0,30.76,39010.0,49570.0,85280.0,96260.0,2024,818.7,896.1,9.5,81.0,27.0,46.2,8.5,0.009074354314209776
28100,"Kankakee, IL",4,47-2111,Electricians,120.0,83220.0,40.01,82490.0,39.66,48940.0,63130.0,100430.0,107810.0,2024,818.7,896.1,9.5,81.0,27.0,46.2,8.5,0.009074354314209776
28140,"Kansas City, MO-KS",4,47-2111,Electricians,4920.0,74310.0,35.72,74560.0,35.85,43880.0,55360.0,93410.0,105170.0,2024,818.7,896.1,9.5,81.0,27.0,46.2,8.5,0.009074354314209776
28420,"Kennewick-Richland, WA",4,47-2111,Electricians,970.0,98440.0,47.33,108740.0,52.28,54800.0,78060.0,115970.0,127430.0,2024,818.7,896.1,9.5,81.0,27.0,46.2,8.5,0.009074354314209776
28450,"Kenosha, WI",4,47-2111,Electricians,120.0,72270.0,34.75,74250.0,35.7,45500.0,55460.0,86650.0,100110.0,2024,818.7,896.1,9.5,81.0,27.0,46.2,8.5,0.009074354314209776
28660,"Killeen-Temple, TX",4,47-2111,Electricians,620.0,50370.0,24.22,47560.0,22.87,33620.0,39730.0,59690.0,68010.0,2024,818.7,896.1,9.5,81.0,27.0,46.2,8.5,0.009074354314209776
28700,"Kingsport-Bristol, TN-VA",4,47-2111,Electricians,710.0,58470.0,28.11,58310.0,28.03,36820.0,47660.0,68240.0,77730.0,2024,818.7,896.1,9.5,81.0,27.0,46.2,8.5,0.009074354314209776
28740,"Kingston, NY",4,47-2111,Electricians,280.0,71970.0,34.6,65240.0,31.37,43850.0,50350.0,80660.0,111840.0,2024,818.7,896.1,9.5,81.0,27.0,46.2,8.5,0.009074354314209776
28880,"Kiryas Joel-Poughkeepsie-Newburgh, NY",4,47-2111,Electricians,1070.0,75070.0,36.09,69830.0,33.57,45100.0,57420.0,92930.0,117850.0,2024,818.7,896.1,9.5,81.0,27.0,46.2,8.5,0.009074354314209776
28940,"Knoxville, TN",4,47-2111,Electricians,2340.0,56780.0,27.3,53430.0,25.69,37180.0,45040.0,62670.0,76700.0,2024,818.7,896.1,9.5,81.0,27.0,46.2,8.5,0.009074354314209776
29020,"Kokomo, IN",4,47-2111,Electricians,630.0,79900.0,38.41,89000.0,42.79,49210.0,77830.0,89000.0,89000.0,2024,818.7,896.1,9.5,81.0,27.0,46.2,8.5,0.009074354314209776
29100,"La Crosse-Onalaska, WI-MN",4,47-2111,Electricians,300.0,76490.0,36.77,76090.0,36.58,46320.0,60100.0,94220.0,105980.0,2024,818.7,896.1,9.5,81.0,27.0,46.2,8.5,0.009074354314209776
29180,"Lafayette, LA",4,47-2111,Electricians,650.0,54810.0,26.35,56480.0,27.15,36390.0,45650.0,62160.0,72480.0,2024,818.7,896.1,9.5,81.0,27.0,46.2,8.5,0.009074354314209776
29200,"Lafayette-West Lafayette, IN",4,47-2111,Electricians,770.0,68400.0,32.88,76980.0,37.01,39540.0,49660.0,82840.0,84670.0,2024,818.7,896.1,9.5,81.0,27.0,46.2,8.5,0.009074354314209776
29340,"Lake Charles, LA",4,47-2111,Electricians,630.0,62670.0,30.13,62320.0,29.96,36560.0,47500.0,68440.0,102830.0,2024,818.7,896.1,9.5,81.0,27.0,46.2,8.5,0.009074354314209776
29420,"Lake Havasu City-Kingman, AZ",4,47-2111,Electricians,390.0,54540.0,26.22,49840.0,23.96,35850.0,44990.0,61550.0,74920.0,2024,818.7,896.1,9.5,81.0,27.0,46.2,8.5,0.009074354314209776
29460,"Lakeland-Winter Haven, FL",4,47-2111,Electricians,960.0,52830.0,25.4,49800.0,23.94,36410.0,45760.0,59220.0,67450.0,2024,818.7,896.1,9.5,81.0,27.0,46.2,8.5,0.009074354314209776
29540,"Lancaster, PA",4,47-2111,Electricians,1270.0,68340.0,32.86,61980.0,29.8,39170.0,48620.0,80010.0,102950.0,2024,818.7,896.1,9.5,81.0,27.0,46.2,8.5,0.009074354314209776
29620,"Lansing-East Lansing, MI",4,47-2111,Electricians,1230.0,70400.0,33.85,77050.0,37.05,40500.0,49950.0,82400.0,94030.0,2024,818.7,896.1,9.5,81.0,27.0,46.2,8.5,0.009074354314209776
29700,"Laredo, TX",4,47-2111,Electricians,330.0,44220.0,21.26,45320.0,21.79,28230.0,35070.0,49190.0,59390.0,2024,818.7,896.1,9.5,81.0,27.0,46.2,8.5,0.009074354314209776
29740,"Las Cruces, NM",4,47-2111,Electricians,330.0,54790.0,26.34,52530.0,25.25,35480.0,40360.0,60150.0,86790.0,2024,818.7,896.1,9.5,81.0,27.0,46.2,8.5,0.009074354314209776
29820,"Las Vegas-Henderson-North Las Vegas, NV",4,47-2111,Electricians,5970.0,72240.0,34.73,64950.0,31.22,44480.0,47710.0,92020.0,114390.0,2024,818.7,896.1,9.5,81.0,27.0,46.2,8.5,0.009074354314209776
29940,"Lawrence, KS",4,47-2111,Electricians,150.0,55910.0,26.88,57600.0,27.69,37160.0,48210.0,62940.0,74130.0,2024,818.7,896.1,9.5,81.0,27.0,46.2,8.5,0.009074354314209776
30020,"Lawton, OK",4,47-2111,Electricians,210.0,66450.0,31.95,73550.0,35.36,39220.0,56240.0,73550.0,79330.0,2024,818.7,896.1,9.5,81.0,27.0,46.2,8.5,0.009074354314209776
30140,"Lebanon, PA",4,47-2111,Electricians,170.0,64470.0,30.99,60880.0,29.27,39010.0,48780.0,76250.0,92750.0,2024,818.7,896.1,9.5,81.0,27.0,46.2,8.5,0.009074354314209776
30300,"Lewiston, ID-WA",4,47-2111,Electricians,230.0,73640.0,35.4,72930.0,35.06,46870.0,59010.0,97960.0,104730.0,2024,818.7,896.1,9.5,81.0,27.0,46.2,8.5,0.009074354314209776
30340,"Lewiston-Auburn, ME",4,47-2111,Electricians,330.0,76340.0,36.7,75990.0,36.54,52450.0,62620.0,84170.0,100380.0,2024,818.7,896.1,9.5,81.0,27.0,46.2,8.5,0.009074354314209776
30460,"Lexington-Fayette, KY",4,47-2111,Electricians,1290.0,57860.0,27.82,58530.0,28.14,36760.0,45590.0,72110.0,77730.0,2024,818.7,896.1,9.5,81.0,27.0,46.2,8.5,0.009074354314209776
30500,"Lexington Park, MD",4,47-2111,Electricians,460.0,71550.0,34.4,62670.0,30.13,44300.0,48650.0,88830.0,105540.0,2024,818.7,896.1,9.5,81.0,27.0,46.2,8.5,0.009074354314209776
30620,"Lima, OH",4,47-2111,Electricians,240.0,67090.0,32.26,66800.0,32.12,38180.0,52000.0,82440.0,90710.0,2024,818.7,896.1,9.5,81.0,27.0,46.2,8.5,0.009074354314209776
30700,"Lincoln, NE",4,47-2111,Electricians,1050.0,62020.0,29.82,60860.0,29.26,39780.0,47670.0,77130.0,79690.0,2024,818.7,896.1,9.5,81.0,27.0,46.2,8.5,0.009074354314209776
30780,"Little Rock-North Little Rock-Conway, AR",4,47-2111,Electricians,2070.0,51210.0,24.62,49060.0,23.59,35830.0,39370.0,60690.0,64780.0,2024,818.7,896.1,9.5,81.0,27.0,46.2,8.5,0.009074354314209776
30860,"Logan, UT-ID",4,47-2111,Electricians,380.0,59930.0,28.81,58660.0,28.2,36960.0,45860.0,73560.0,79180.0,2024,818.7,896.1,9.5,81.0,27.0,46.2,8.5,0.009074354314209776
30980,"Longview, TX",4,47-2111,Electricians,510.0,50090.0,24.08,47660.0,22.91,32640.0,36810.0,59590.0,67760.0,2024,818.7,896.1,9.5,81.0,27.0,46.2,8.5,0.009074354314209776
31020,"Longview-Kelso, WA",4,47-2111,Electricians,270.0,86940.0,41.8,83870.0,40.32,50900.0,65270.0,106550.0,122030.0,2024,818.7,896.1,9.5,81.0,27.0,46.2,8.5,0.009074354314209776
31080,"Los Angeles-Long Beach-Anaheim, CA",4,47-2111,Electricians,21070.0,81940.0,39.39,76120.0,36.6,43900.0,56680.0,102720.0,128400.0,2024,818.7,896.1,9.5,81.0,27.0,46.2,8.5,0.009074354314209776
31140,"Louisville/Jefferson County, KY-IN",4,47-2111,Electricians,3870.0,63750.0,30.65,61890.0,29.75,37890.0,48430.0,80380.0,83200.0,2024,818.7,896.1,9.5,81.0,27.0,46.2,8.5,0.009074354314209776
31180,"Lubbock, TX",4,47-2111,Electricians,750.0,50100.0,24.09,47380.0,22.78,32490.0,38110.0,59740.0,71760.0,2024,818.7,896.1,9.5,81.0,27.0,46.2,8.5,0.009074354314209776
31340,"Lynchburg, VA",4,47-2111,Electricians,380.0,59160.0,28.44,59280.0,28.5,37070.0,45350.0,71800.0,84920.0,2024,818.7,896.1,9.5,81.0,27.0,46.2,8.5,0.009074354314209776
31420,"Macon-Bibb County, GA",4,47-2111,Electricians,490.0,57020.0,27.41,51490.0,24.75,36480.0,42790.0,71320.0,92580.0,2024,818.7,896.1,9.5,81.0,27.0,46.2,8.5,0.009074354314209776
31540,"Madison, WI",4,47-2111,Electricians,1650.0,75930.0,36.51,77560.0,37.29,46420.0,56650.0,97950.0,100130.0,2024,818.7,896.1,9.5,81.0,27.0,46.2,8.5,0.009074354314209776
31700,"Manchester-Nashua, NH",4,47-2111,Electricians,1030.0,63630.0,30.59,62960.0,30.27,38920.0,47250.0,78590.0,89850.0,2024,818.7,896.1,9.5,81.0,27.0,46.2,8.5,0.009074354314209776
31740,"Manhattan, KS",4,47-2111,Electricians,180.0,59390.0,28.55,58540.0,28.15,35370.0,46160.0,68660.0,100860.0,2024,818.7,896.1,9.5,81.0,27.0,46.2,8.5,0.009074354314209776
31860,"Mankato, MN",4,47-2111,Electricians,270.0,81210.0,39.04,82200.0,39.52,49260.0,62170.0,101090.0,101090.0,2024,818.7,896.1,9.5,81.0,27.0,46.2,8.5,0.009074354314209776
31900,"Mansfield, OH",4,47-2111,Electricians,170.0,58970.0,28.35,60480.0,29.08,36580.0,46370.0,72800.0,75810.0,2024,818.7,896.1,9.5,81.0,27.0,46.2,8.5,0.009074354314209776
32420,"Mayaguez, PR",4,47-2111,Electricians,80.0,42740.0,20.55,33970.0,16.33,22170.0,26750.0,56900.0,64860.0,2024,818.7,896.1,9.5,81.0,27.0,46.2,8.5,0.009074354314209776
32580,"McAllen-Edinburg-Mission, TX",4,47-2111,Electricians,720.0,45740.0,21.99,44810.0,21.54,29530.0,35810.0,54700.0,60550.0,2024,818.7,896.1,9.5,81.0,27.0,46.2,8.5,0.009074354314209776
32780,"Medford, OR",4,47-2111,Electricians,510.0,81640.0,39.25,80770.0,38.83,49750.0,62930.0,99560.0,106800.0,2024,818.7,896.1,9.5,81.0,27.0,46.2,8.5,0.009074354314209776
32820,"Memphis, TN-MS-AR",4,47-2111,Electricians,2970.0,57850.0,27.81,57770.0,27.78,37560.0,45100.0,68800.0,77640.0,2024,818.7,896.1,9.5,81.0,27.0,46.2,8.5,0.009074354314209776
32900,"Merced, CA",4,47-2111,Electricians,150.0,72610.0,34.91,64470.0,31.0,37580.0,48200.0,84220.0,120830.0,2024,818.7,896.1,9.5,81.0,27.0,46.2,8.5,0.009074354314209776
33100,"Miami-Fort Lauderdale-West Palm Beach, FL",4,47-2111,Electricians,12570.0,57370.0,27.58,56080.0,26.96,39470.0,47690.0,62100.0,75020.0,2024,818.7,896.1,9.5,81.0,27.0,46.2,8.5,0.009074354314209776
33140,"Michigan City-La Porte, IN",4,47-2111,Electricians,190.0,67920.0,32.66,63110.0,30.34,45020.0,48320.0,82370.0,96170.0,2024,818.7,896.1,9.5,81.0,27.0,46.2,8.5,0.009074354314209776
33220,"Midland, MI",4,47-2111,Electricians,230.0,54840.0,26.37,49960.0,24.02,34600.0,38970.0,65520.0,81380.0,2024,818.7,896.1,9.5,81.0,27.0,46.2,8.5,0.009074354314209776
33260,"Midland, TX",4,47-2111,Electricians,1070.0,60150.0,28.92,59380.0,28.55,38680.0,46480.0,69350.0,80700.0,2024,818.7,896.1,9.5,81.0,27.0,46.2,8.5,0.009074354314209776
33340,"Milwaukee-Waukesha, WI",4,47-2111,Electricians,3690.0,74520.0,35.83,76820.0,36.93,46490.0,55530.0,94240.0,101730.0,2024,818.7,896.1,9.5,81.0,27.0,46.2,8.5,0.009074354314209776
33460,"Minneapolis-St. Paul-Bloomington, MN-WI",4,47-2111,Electricians,8110.0,86730.0,41.7,95090.0,45.71,50040.0,62360.0,106160.0,115410.0,2024,818.7,896.1,9.5,81.0,27.0,46.2,8.5,0.009074354314209776
33500,"Minot, ND",4,47-2111,Electricians,330.0,69490.0,33.41,61230.0,29.44,39470.0,47130.0,81140.0,101410.0,2024,818.7,896.1,9.5,81.0,27.0,46.2,8.5,0.009074354314209776
33540,"Missoula, MT",4,47-2111,Electricians,290.0,68020.0,32.7,73010.0,35.1,47700.0,50760.0,78250.0,80670.0,2024,818.7,896.1,9.5,81.0,27.0,46.2,8.5,0.009074354314209776
33660,"Mobile, AL",4,47-2111,Electricians,1250.0,58660.0,28.2,61120.0,29.39,37600.0,48490.0,66100.0,77850.0,2024,818.7,896.1,9.5,81.0,27.0,46.2,8.5,0.009074354314209776
33700,"Modesto, CA",4,47-2111,Electricians,760.0,78760.0,37.87,75380.0,36.24,42290.0,57480.0,96320.0,120520.0,2024,818.7,896.1,9.5,81.0,27.0,46.2,8.5,0.009074354314209776
33740,"Monroe, LA",4,47-2111,Electricians,410.0,51080.0,24.56,48580.0,23.36,32340.0,44300.0,60550.0,64960.0,2024,818.7,896.1,9.5,81.0,27.0,46.2,8.5,0.009074354314209776
33780,"Monroe, MI",4,47-2111,Electricians,170.0,74180.0,35.66,78920.0,37.94,42800.0,59610.0,82020.0,94120.0,2024,818.7,896.1,9.5,81.0,27.0,46.2,8.5,0.009074354314209776
33860,"Montgomery, AL",4,47-2111,Electricians,690.0,53850.0,25.89,49750.0,23.92,36870.0,46300.0,60650.0,70460.0,2024,818.7,896.1,9.5,81.0,27.0,46.2,8.5,0.009074354314209776
34060,"Morgantown, WV",4,47-2111,Electricians,280.0,63370.0,30.47,60460.0,29.07,38040.0,47990.0,76430.0,88950.0,2024,818.7,896.1,9.5,81.0,27.0,46.2,8.5,0.009074354314209776
34100,"Morristown, TN",4,47-2111,Electricians,200.0,56070.0,26.96,56010.0,26.93,39800.0,46210.0,59760.0,75300.0,2024,818.7,896.1,9.5,81.0,27.0,46.2,8.5,0.009074354314209776
34580,"Mount Vernon-Anacortes, WA",4,47-2111,Electricians,520.0,102830.0,49.44,103270.0,49.65,58790.0,69520.0,131120.0,147090.0,2024,818.7,896.1,9.5,81.0,27.0,46.2,8.5,0.009074354314209776
34620,"Muncie, IN",4,47-2111,Electricians,120.0,64090.0,30.81,62540.0,30.07,39620.0,49360.0,73880.0,83740.0,2024,818.7,896.1,9.5,81.0,27.0,46.2,8.5,0.009074354314209776
34740,"Muskegon-Norton Shores, MI",4,47-2111,Electricians,430.0,69620.0,33.47,63820.0,30.68,37110.0,46190.0,94350.0,114810.0,2024,818.7,896.1,9.5,81.0,27.0,46.2,8.5,0.009074354314209776
34820,"Myrtle Beach-Conway-North Myrtle Beach, SC",4,47-2111,Electricians,350.0,51920.0,24.96,49030.0,23.57,38560.0,44530.0,58590.0,62190.0,2024,818.7,896.1,9.5,81.0,27.0,46.2,8.5,0.009074354314209776
34900,"Napa, CA",4,47-2111,Electricians,240.0,86690.0,41.68,80910.0,38.9,53780.0,64620.0,104050.0,121580.0,2024,818.7,896.1,9.5,81.0,27.0,46.2,8.5,0.009074354314209776
34940,"Naples-Marco Island, FL",4,47-2111,Electricians,1010.0,57230.0,27.52,57210.0,27.5,38970.0,47330.0,62710.0,77360.0,2024,818.7,896.1,9.5,81.0,27.0,46.2,8.5,0.009074354314209776
34980,"Nashville-Davidson--Murfreesboro--Franklin, TN",4,47-2111,Electricians,7630.0,62040.0,29.83,61130.0,29.39,39980.0,48760.0,72990.0,84350.0,2024,818.7,896.1,9.5,81.0,27.0,46.2,8.5,0.009074354314209776
35300,"New Haven, CT",4,47-2111,Electricians,980.0,74700.0,35.92,75720.0,36.4,46820.0,61910.0,92550.0,99400.0,2024,818.7,896.1,9.5,81.0,27.0,46.2,8.5,0.009074354314209776
35380,"New Orleans-Metairie, LA",4,47-2111,Electricians,2150.0,61160.0,29.41,60840.0,29.25,38050.0,49370.0,71010.0,79320.0,2024,818.7,896.1,9.5,81.0,27.0,46.2,8.5,0.009074354314209776
35620,"New York-Newark-Jersey City, NY-NJ",4,47-2111,Electricians,38890.0,85440.0,41.08,76450.0,36.76,47100.0,60910.0,119740.0,132580.0,2024,818.7,896.1,9.5,81.0,27.0,46.2,8.5,0.009074354314209776
35660,"Niles, MI",4,47-2111,Electricians,210.0,74160.0,35.66,71450.0,34.35,38310.0,48420.0,95630.0,116500.0,2024,818.7,896.1,9.5,81.0,27.0,46.2,8.5,0.009074354314209776
35840,"North Port-Bradenton-Sarasota, FL",4,47-2111,Electricians,1700.0,53350.0,25.65,50680.0,24.36,37380.0,39910.0,60410.0,71910.0,2024,818.7,896.1,9.5,81.0,27.0,46.2,8.5,0.009074354314209776
35980,"Norwich-New London-Willimantic, CT",4,47-2111,Electricians,650.0,67550.0,32.48,71120.0,34.19,46810.0,46810.0,78240.0,93160.0,2024,818.7,896.1,9.5,81.0,27.0,46.2,8.5,0.009074354314209776
36100,"Ocala, FL",4,47-2111,Electricians,590.0,50200.0,24.13,48170.0,23.16,36700.0,45390.0,56570.0,60810.0,2024,818.7,896.1,9.5,81.0,27.0,46.2,8.5,0.009074354314209776
36220,"Odessa, TX",4,47-2111,Electricians,660.0,56360.0,27.1,50810.0,24.43,38040.0,46740.0,64250.0,76940.0,2024,818.7,896.1,9.5,81.0,27.0,46.2,8.5,0.009074354314209776
36260,"Ogden, UT",4,47-2111,Electricians,1780.0,63130.0,30.35,60470.0,29.07,41270.0,48510.0,76800.0,80870.0,2024,818.7,896.1,9.5,81.0,27.0,46.2,8.5,0.009074354314209776
36420,"Oklahoma City, OK",4,47-2111,Electricians,3280.0,63380.0,30.47,60490.0,29.08,37270.0,48010.0,78020.0,85010.0,2024,818.7,896.1,9.5,81.0,27.0,46.2,8.5,0.009074354314209776
36500,"Olympia-Lacey-Tumwater, WA",4,47-2111,Electricians,490.0,90980.0,43.74,85620.0,41.17,49240.0,61870.0,103730.0,137260.0,2024,818.7,896.1,9.5,81.0,27.0,46.2,8.5,0.009074354314209776
36540,"Omaha, NE-IA",4,47-2111,Electricians,3200.0,65230.0,31.36,61540.0,29.59,39740.0,48490.0,79320.0,92320.0,2024,818.7,896.1,9.5,81.0,27.0,46.2,8.5,0.009074354314209776
36740,"Orlando-Kissimmee-Sanford, FL",4,47-2111,Electricians,6780.0,54440.0,26.17,51880.0,24.94,38070.0,46690.0,60590.0,69870.0,2024,818.7,896.1,9.5,81.0,27.0,46.2,8.5,0.009074354314209776
36780,"Oshkosh-Neenah, WI",4,47-2111,Electricians,660.0,72250.0,34.74,76260.0,36.67,46830.0,56900.0,88190.0,96880.0,2024,818.7,896.1,9.5,81.0,27.0,46.2,8.5,0.009074354314209776
36980,"Owensboro, KY",4,47-2111,Electricians,240.0,58840.0,28.29,56310.0,27.07,35390.0,46950.0,75550.0,82660.0,2024,818.7,896.1,9.5,81.0,27.0,46.2,8.5,0.009074354314209776
37100,"Oxnard-Thousand Oaks-Ventura, CA",4,47-2111,Electricians,1200.0,76110.0,36.59,72210.0,34.72,44780.0,58410.0,89270.0,124780.0,2024,818.7,896.1,9.5,81.0,27.0,46.2,8.5,0.009074354314209776
37140,"Paducah, KY-IL",4,47-2111,Electricians,460.0,65310.0,31.4,63480.0,30.52,36430.0,46640.0,76770.0,87120.0,2024,818.7,896.1,9.5,81.0,27.0,46.2,8.5,0.009074354314209776
37340,"Palm Bay-Melbourne-Titusville, FL",4,47-2111,Electricians,1250.0,55240.0,26.56,55380.0,26.63,37630.0,46700.0,60160.0,72570.0,2024,818.7,896.1,9.5,81.0,27.0,46.2,8.5,0.009074354314209776
37460,"Panama City-Panama City Beach, FL",4,47-2111,Electricians,550.0,50600.0,24.33,48430.0,23.29,36650.0,40440.0,58620.0,61980.0,2024,818.7,896.1,9.5,81.0,27.0,46.2,8.5,0.009074354314209776
37620,"Parkersburg-Vienna, WV",4,47-2111,Electricians,160.0,57560.0,27.67,62190.0,29.9,36580.0,46900.0,63410.0,78140.0,2024,818.7,896.1,9.5,81.0,27.0,46.2,8.5,0.009074354314209776
37860,"Pensacola-Ferry Pass-Brent, FL",4,47-2111,Electricians,980.0,53330.0,25.64,48860.0,23.49,36940.0,45200.0,59470.0,71540.0,2024,818.7,896.1,9.5,81.0,27.0,46.2,8.5,0.009074354314209776
37900,"Peoria, IL",4,47-2111,Electricians,820.0,80300.0,38.61,87730.0,42.18,45480.0,61030.0,99270.0,104640.0,2024,818.7,896.1,9.5,81.0,27.0,46.2,8.5,0.009074354314209776
37980,"Philadelphia-Camden-Wilmington, PA-NJ-DE-MD",4,47-2111,Electricians,9900.0,79320.0,38.14,74040.0,35.6,45440.0,57680.0,99700.0,130590.0,2024,818.7,896.1,9.5,81.0,27.0,46.2,8.5,0.009074354314209776
38060,"Phoenix-Mesa-Chandler, AZ",4,47-2111,Electricians,16740.0,61530.0,29.58,59940.0,28.82,46610.0,48550.0,72730.0,80260.0,2024,818.7,896.1,9.5,81.0,27.0,46.2,8.5,0.009074354314209776
38240,"Pinehurst-Southern Pines, NC",4,47-2111,Electricians,140.0,54900.0,26.39,51790.0,24.9,36290.0,46450.0,58880.0,75370.0,2024,818.7,896.1,9.5,81.0,27.0,46.2,8.5,0.009074354314209776
38300,"Pittsburgh, PA",4,47-2111,Electricians,4390.0,71150.0,34.21,63890.0,30.71,40900.0,49970.0,89490.0,101510.0,2024,818.7,896.1,9.5,81.0,27.0,46.2,8.5,0.009074354314209776
38340,"Pittsfield, MA",4,47-2111,Electricians,290.0,72580.0,34.89,76760.0,36.9,44670.0,51270.0,85180.0,100330.0,2024,818.7,896.1,9.5,81.0,27.0,46.2,8.5,0.009074354314209776
38540,"Pocatello, ID",4,47-2111,Electricians,160.0,56170.0,27.01,57360.0,27.58,36970.0,44730.0,71670.0,75870.0,2024,818.7,896.1,9.5,81.0,27.0,46.2,8.5,0.009074354314209776
38660,"Ponce, PR",4,47-2111,Electricians,100.0,44390.0,21.34,39980.0,19.22,23980.0,28120.0,57330.0,64310.0,2024,818.7,896.1,9.5,81.0,27.0,46.2,8.5,0.009074354314209776
38860,"Portland-South Portland, ME",4,47-2111,Electricians,1730.0,71300.0,34.28,65640.0,31.56,54340.0,62300.0,76350.0,93600.0,2024,818.7,896.1,9.5,81.0,27.0,46.2,8.5,0.009074354314209776
38900,"Portland-Vancouver-Hillsboro, OR-WA",4,47-2111,Electricians,7290.0,95850.0,46.08,102070.0,49.07,55270.0,72400.0,116800.0,126560.0,2024,818.7,896.1,9.5,81.0,27.0,46.2,8.5,0.009074354314209776
38940,"Port St. Lucie, FL",4,47-2111,Electricians,1020.0,54830.0,26.36,53100.0,25.53,37160.0,45430.0,59980.0,67080.0,2024,818.7,896.1,9.5,81.0,27.0,46.2,8.5,0.009074354314209776
39150,"Prescott Valley-Prescott, AZ",4,47-2111,Electricians,330.0,62480.0,30.04,61840.0,29.73,42740.0,46670.0,75420.0,85920.0,2024,818.7,896.1,9.5,81.0,27.0,46.2,8.5,0.009074354314209776
39300,"Providence-Warwick, RI-MA",4,47-2111,Electricians,3280.0,71230.0,34.24,71310.0,34.29,42290.0,48830.0,88780.0,103880.0,2024,818.7,896.1,9.5,81.0,27.0,46.2,8.5,0.009074354314209776
39340,"Provo-Orem-Lehi, UT",4,47-2111,Electricians,2010.0,60650.0,29.16,58930.0,28.33,36930.0,45130.0,77480.0,81480.0,2024,818.7,896.1,9.5,81.0,27.0,46.2,8.5,0.009074354314209776
39460,"Punta Gorda, FL",4,47-2111,Electricians,250.0,54110.0,26.01,50940.0,24.49,37580.0,45690.0,59900.0,70690.0,2024,818.7,896.1,9.5,81.0,27.0,46.2,8.5,0.009074354314209776
39540,"Racine-Mount Pleasant, WI",4,47-2111,Electricians,250.0,81890.0,39.37,81600.0,39.23,46180.0,58960.0,97720.0,122720.0,2024,818.7,896.1,9.5,81.0,27.0,46.2,8.5,0.009074354314209776
39580,"Raleigh-Cary, NC",4,47-2111,Electricians,3790.0,55810.0,26.83,54820.0,26.36,40910.0,47730.0,62490.0,70680.0,2024,818.7,896.1,9.5,81.0,27.0,46.2,8.5,0.009074354314209776
39660,"Rapid City, SD",4,47-2111,Electricians,480.0,55540.0,26.7,57410.0,27.6,39520.0,46860.0,61300.0,75460.0,2024,818.7,896.1,9.5,81.0,27.0,46.2,8.5,0.009074354314209776
39740,"Reading, PA",4,47-2111,Electricians,730.0,69610.0,33.47,64110.0,30.82,45260.0,49780.0,87050.0,91060.0,2024,818.7,896.1,9.5,81.0,27.0,46.2,8.5,0.009074354314209776
39820,"Redding, CA",4,47-2111,Electricians,330.0,78590.0,37.79,71820.0,34.53,47020.0,57480.0,95410.0,125400.0,2024,818.7,896.1,9.5,81.0,27.0,46.2,8.5,0.009074354314209776
39900,"Reno, NV",4,47-2111,Electricians,1520.0,68580.0,32.97,63710.0,30.63,43510.0,47740.0,80660.0,102590.0,2024,818.7,896.1,9.5,81.0,27.0,46.2,8.5,0.009074354314209776
40060,"Richmond, VA",4,47-2111,Electricians,3300.0,60820.0,29.24,60200.0,28.94,38360.0,47460.0,72790.0,81530.0,2024,818.7,896.1,9.5,81.0,27.0,46.2,8.5,0.009074354314209776
40140,"Riverside-San Bernardino-Ontario, CA",4,47-2111,Electricians,7570.0,80130.0,38.53,73970.0,35.56,42440.0,51380.0,99750.0,133900.0,2024,818.7,896.1,9.5,81.0,27.0,46.2,8.5,0.009074354314209776
40220,"Roanoke, VA",4,47-2111,Electricians,700.0,56040.0,26.94,56840.0,27.33,37340.0,46950.0,62060.0,74460.0,2024,818.7,896.1,9.5,81.0,27.0,46.2,8.5,0.009074354314209776
40340,"Rochester, MN",4,47-2111,Electricians,490.0,82680.0,39.75,81590.0,39.23,46470.0,59630.0,101750.0,108450.0,2024,818.7,896.1,9.5,81.0,27.0,46.2,8.5,0.009074354314209776
40380,"Rochester, NY",4,47-2111,Electricians,2560.0,73390.0,35.28,74730.0,35.93,45130.0,52430.0,86220.0,104940.0,2024,818.7,896.1,9.5,81.0,27.0,46.2,8.5,0.009074354314209776
40420,"Rockford, IL",4,47-2111,Electricians,430.0,80040.0,38.48,80470.0,38.69,47520.0,66160.0,97080.0,103960.0,2024,818.7,896.1,9.5,81.0,27.0,46.2,8.5,0.009074354314209776
40580,"Rocky Mount, NC",4,47-2111,Electricians,300.0,51230.0,24.63,47630.0,22.9,36880.0,45160.0,59880.0,68260.0,2024,818.7,896.1,9.5,81.0,27.0,46.2,8.5,0.009074354314209776
40660,"Rome, GA",4,47-2111,Electricians,170.0,61690.0,29.66,59620.0,28.66,37230.0,45050.0,80250.0,81750.0,2024,818.7,896.1,9.5,81.0,27.0,46.2,8.5,0.009074354314209776
40900,"Sacramento-Roseville-Folsom, CA",4,47-2111,Electricians,5850.0,81750.0,39.3,75780.0,36.44,47020.0,58810.0,101190.0,130200.0,2024,818.7,896.1,9.5,81.0,27.0,46.2,8.5,0.009074354314209776
40980,"Saginaw, MI",4,47-2111,Electricians,360.0,67650.0,32.53,63060.0,30.32,42420.0,58950.0,84050.0,90200.0,2024,818.7,896.1,9.5,81.0,27.0,46.2,8.5,0.009074354314209776
41060,"St. Cloud, MN",4,47-2111,Electricians,680.0,80510.0,38.71,87200.0,41.92,46500.0,61360.0,99800.0,102040.0,2024,818.7,896.1,9.5,81.0,27.0,46.2,8.5,0.009074354314209776
41100,"St. George, UT",4,47-2111,Electricians,490.0,57910.0,27.84,55250.0,26.56,35700.0,44590.0,74510.0,78070.0,2024,818.7,896.1,9.5,81.0,27.0,46.2,8.5,0.009074354314209776
41140,"St. Joseph, MO-KS",4,47-2111,Electricians,410.0,76090.0,36.58,81530.0,39.2,40710.0,54340.0,98700.0,99380.0,2024,818.7,896.1,9.5,81.0,27.0,46.2,8.5,0.009074354314209776
41180,"St. Louis, MO-IL",4,47-2111,Electricians,6460.0,76230.0,36.65,79280.0,38.11,45150.0,57660.0,97140.0,103440.0,2024,818.7,896.1,9.5,81.0,27.0,46.2,8.5,0.009074354314209776
41420,"Salem, OR",4,47-2111,Electricians,750.0,83350.0,40.07,82740.0,39.78,49050.0,61640.0,104070.0,106130.0,2024,818.7,896.1,9.5,81.0,27.0,46.2,8.5,0.009074354314209776
41500,"Salinas, CA",4,47-2111,Electricians,450.0,81070.0,38.98,77890.0,37.45,48100.0,61290.0,97530.0,119070.0,2024,818.7,896.1,9.5,81.0,27.0,46.2,8.5,0.009074354314209776
41540,"Salisbury, MD",4,47-2111,Electricians,130.0,62420.0,30.01,56430.0,27.13,38320.0,47280.0,78510.0,93780.0,2024,818.7,896.1,9.5,81.0,27.0,46.2,8.5,0.009074354314209776
41620,"Salt Lake City-Murray, UT",4,47-2111,Electricians,5210.0,64510.0,31.02,63430.0,30.49,39130.0,49380.0,79780.0,82690.0,2024,818.7,896.1,9.5,81.0,27.0,46.2,8.5,0.009074354314209776
41660,"San Angelo, TX",4,47-2111,Electricians,270.0,50220.0,24.15,47180.0,22.69,33880.0,38410.0,59690.0,74130.0,2024,818.7,896.1,9.5,81.0,27.0,46.2,8.5,0.009074354314209776
41700,"San Antonio-New Braunfels, TX",4,47-2111,Electricians,5930.0,55520.0,26.69,52650.0,25.31,37110.0,44670.0,64490.0,73860.0,2024,818.7,896.1,9.5,81.0,27.0,46.2,8.5,0.009074354314209776
41740,"San Diego-Chula Vista-Carlsbad, CA",4,47-2111,Electricians,7330.0,82400.0,39.61,75640.0,36.37,47160.0,59930.0,101080.0,127940.0,2024,818.7,896.1,9.5,81.0,27.0,46.2,8.5,0.009074354314209776
41780,"Sandusky, OH",4,47-2111,Electricians,300.0,67640.0,32.52,71020.0,34.14,36290.0,51310.0,81580.0,92060.0,2024,818.7,896.1,9.5,81.0,27.0,46.2,8.5,0.009074354314209776
41860,"San Francisco-Oakland-Fremont, CA",4,47-2111,Electricians,9520.0,104240.0,50.12,93750.0,45.07,54750.0,63850.0,130190.0,179060.0,2024,818.7,896.1,9.5,81.0,27.0,46.2,8.5,0.009074354314209776
41940,"San Jose-Sunnyvale-Santa Clara, CA",4,47-2111,Electricians,5540.0,103410.0,49.71,95020.0,45.69,56230.0,72660.0,127740.0,169770.0,2024,818.7,896.1,9.5,81.0,27.0,46.2,8.5,0.009074354314209776
41980,"San Juan-Bayamon-Caguas, PR",4,47-2111,Electricians,1140.0,38170.0,18.35,32540.0,15.64,23510.0,26930.0,47020.0,59010.0,2024,818.7,896.1,9.5,81.0,27.0,46.2,8.5,0.009074354314209776
42020,"San Luis Obispo-Paso Robles, CA",4,47-2111,Electricians,540.0,89170.0,42.87,80070.0,38.5,48830.0,60310.0,106550.0,149230.0,2024,818.7,896.1,9.5,81.0,27.0,46.2,8.5,0.009074354314209776
42100,"Santa Cruz-Watsonville, CA",4,47-2111,Electricians,350.0,79900.0,38.41,76940.0,36.99,48940.0,62040.0,95400.0,107750.0,2024,818.7,896.1,9.5,81.0,27.0,46.2,8.5,0.009074354314209776
42140,"Santa Fe, NM",4,47-2111,Electricians,140.0,60380.0,29.03,60470.0,29.07,36270.0,45650.0,65100.0,80990.0,2024,818.7,896.1,9.5,81.0,27.0,46.2,8.5,0.009074354314209776
42200,"Santa Maria-Santa Barbara, CA",4,47-2111,Electricians,560.0,77600.0,37.31,75780.0,36.43,46890.0,60010.0,95690.0,106630.0,2024,818.7,896.1,9.5,81.0,27.0,46.2,8.5,0.009074354314209776
42220,"Santa Rosa-Petaluma, CA",4,47-2111,Electricians,1020.0,87360.0,42.0,79700.0,38.32,47590.0,63380.0,101510.0,132490.0,2024,818.7,896.1,9.5,81.0,27.0,46.2,8.5,0.009074354314209776
42340,"Savannah, GA",4,47-2111,Electricians,710.0,59130.0,28.43,57010.0,27.41,37600.0,45900.0,68530.0,83320.0,2024,818.7,896.1,9.5,81.0,27.0,46.2,8.5,0.009074354314209776
42540,"Scranton--Wilkes-Barre, PA",4,47-2111,Electricians,1000.0,73640.0,35.4,65390.0,31.44,39220.0,49460.0,90800.0,107280.0,2024,818.7,896.1,9.5,81.0,27.0,46.2,8.5,0.009074354314209776
42660,"Seattle-Tacoma-Bellevue, WA",4,47-2111,Electricians,9160.0,100230.0,48.19,101600.0,48.85,59020.0,75650.0,124970.0,139230.0,2024,818.7,896.1,9.5,81.0,27.0,46.2,8.5,0.009074354314209776
42680,"Sebastian-Vero Beach-West Vero Corridor, FL",4,47-2111,Electricians,240.0,56300.0,27.07,54470.0,26.19,37960.0,47580.0,61430.0,73610.0,2024,818.7,896.1,9.5,81.0,27.0,46.2,8.5,0.009074354314209776
42700,"Sebring, FL",4,47-2111,Electricians,100.0,48600.0,23.36,46720.0,22.46,36400.0,37360.0,54640.0,64820.0,2024,818.7,896.1,9.5,81.0,27.0,46.2,8.5,0.009074354314209776
43100,"Sheboygan, WI",4,47-2111,Electricians,340.0,73050.0,35.12,76900.0,36.97,47530.0,57790.0,89120.0,97250.0,2024,818.7,896.1,9.5,81.0,27.0,46.2,8.5,0.009074354314209776
43300,"Sherman-Denison, TX",4,47-2111,Electricians,250.0,52620.0,25.3,53910.0,25.92,36400.0,43750.0,61980.0,69970.0,2024,818.7,896.1,9.5,81.0,27.0,46.2,8.5,0.009074354314209776
43340,"Shreveport-Bossier City, LA",4,47-2111,Electricians,610.0,52680.0,25.33,48420.0,23.28,35030.0,38520.0,62290.0,73360.0,2024,818.7,896.1,9.5,81.0,27.0,46.2,8.5,0.009074354314209776
43420,"Sierra Vista-Douglas, AZ",4,47-2111,Electricians,130.0,57300.0,27.55,55200.0,26.54,42990.0,45400.0,68470.0,73750.0,2024,818.7,896.1,9.5,81.0,27.0,46.2,8.5,0.009074354314209776
43580,"Sioux City, IA-NE-SD",4,47-2111,Electricians,290.0,64660.0,31.09,62320.0,29.96,44510.0,48350.0,82280.0,82880.0,2024,818.7,896.1,9.5,81.0,27.0,46.2,8.5,0.009074354314209776
43620,"Sioux Falls, SD-MN",4,47-2111,Electricians,1220.0,58520.0,28.14,60960.0,29.31,42360.0,47510.0,66400.0,77980.0,2024,818.7,896.1,9.5,81.0,27.0,46.2,8.5,0.009074354314209776
43640,"Slidell-Mandeville-Covington, LA",4,47-2111,Electricians,310.0,53390.0,25.67,49180.0,23.65,36040.0,45290.0,61370.0,71410.0,2024,818.7,896.1,9.5,81.0,27.0,46.2,8.5,0.009074354314209776
43780,"South Bend-Mishawaka, IN-MI",4,47-2111,Electricians,610.0,67530.0,32.47,64630.0,31.07,38790.0,49120.0,80190.0,93600.0,2024,818.7,896.1,9.5,81.0,27.0,46.2,8.5,0.009074354314209776
43900,"Spartanburg, SC",4,47-2111,Electricians,470.0,63410.0,30.49,63010.0,30.3,45060.0,51480.0,73530.0,76280.0,2024,818.7,896.1,9.5,81.0,27.0,46.2,8.5,0.009074354314209776
44060,"Spokane-Spokane Valley, WA",4,47-2111,Electricians,1150.0,82450.0,39.64,79230.0,38.09,48070.0,60320.0,98200.0,119550.0,2024,818.7,896.1,9.5,81.0,27.0,46.2,8.5,0.009074354314209776
44100,"Springfield, IL",4,47-2111,Electricians,350.0,78710.0,37.84,82510.0,39.67,44530.0,57400.0,100090.0,104610.0,2024,818.7,896.1,9.5,81.0,27.0,46.2,8.5,0.009074354314209776
44140,"Springfield, MA",4,47-2111,Electricians,870.0,78240.0,37.62,80560.0,38.73,45110.0,56900.0,100890.0,108830.0,2024,818.7,896.1,9.5,81.0,27.0,46.2,8.5,0.009074354314209776
44180,"Springfield, MO",4,47-2111,Electricians,980.0,60890.0,29.28,57390.0,27.59,35580.0,45550.0,75250.0,95470.0,2024,818.7,896.1,9.5,81.0,27.0,46.2,8.5,0.009074354314209776
44220,"Springfield, OH",4,47-2111,Electricians,190.0,58450.0,28.1,57840.0,27.81,45110.0,46070.0,69610.0,76620.0,2024,818.7,896.1,9.5,81.0,27.0,46.2,8.5,0.009074354314209776
44300,"State College, PA",4,47-2111,Electricians,200.0,64210.0,30.87,56160.0,27.0,40490.0,50400.0,72760.0,102000.0,2024,818.7,896.1,9.5,81.0,27.0,46.2,8.5,0.009074354314209776
44420,"Staunton-Stuarts Draft, VA",4,47-2111,Electricians,200.0,57630.0,27.71,56150.0,27.0,37740.0,44890.0,68790.0,83700.0,2024,818.7,896.1,9.5,81.0,27.0,46.2,8.5,0.009074354314209776
44700,"Stockton-Lodi, CA",4,47-2111,Electricians,1160.0,78510.0,37.74,74800.0,35.96,43570.0,54200.0,99150.0,122750.0,2024,818.7,896.1,9.5,81.0,27.0,46.2,8.5,0.009074354314209776
44940,"Sumter, SC",4,47-2111,Electricians,80.0,57420.0,27.61,60050.0,28.87,42740.0,48640.0,63090.0,69460.0,2024,818.7,896.1,9.5,81.0,27.0,46.2,8.5,0.009074354314209776
45060,"Syracuse, NY",4,47-2111,Electricians,1040.0,74680.0,35.9,72310.0,34.77,45050.0,51910.0,94340.0,108980.0,2024,818.7,896.1,9.5,81.0,27.0,46.2,8.5,0.009074354314209776
45220,"Tallahassee, FL",4,47-2111,Electricians,750.0,52310.0,25.15,47820.0,22.99,35970.0,45780.0,58590.0,62260.0,2024,818.7,896.1,9.5,81.0,27.0,46.2,8.5,0.009074354314209776
45300,"Tampa-St. Petersburg-Clearwater, FL",4,47-2111,Electricians,7110.0,55750.0,26.8,53790.0,25.86,37720.0,46920.0,60970.0,72330.0,2024,818.7,896.1,9.5,81.0,27.0,46.2,8.5,0.009074354314209776
45460,"Terre Haute, IN",4,47-2111,Electricians,310.0,73100.0,35.14,77730.0,37.37,46070.0,59910.0,87510.0,98170.0,2024,818.7,896.1,9.5,81.0,27.0,46.2,8.5,0.009074354314209776
45500,"Texarkana, TX-AR",4,47-2111,Electricians,420.0,55400.0,26.63,58980.0,28.36,30470.0,42590.0,71160.0,71160.0,2024,818.7,896.1,9.5,81.0,27.0,46.2,8.5,0.009074354314209776
45780,"Toledo, OH",4,47-2111,Electricians,1530.0,70190.0,33.75,72850.0,35.02,37330.0,53550.0,82020.0,100610.0,2024,818.7,896.1,9.5,81.0,27.0,46.2,8.5,0.009074354314209776
45820,"Topeka, KS",4,47-2111,Electricians,410.0,64650.0,31.08,61980.0,29.8,38810.0,48450.0,78850.0,80560.0,2024,818.7,896.1,9.5,81.0,27.0,46.2,8.5,0.009074354314209776
45900,"Traverse City, MI",4,47-2111,Electricians,400.0,59950.0,28.82,60140.0,28.91,36800.0,44110.0,74940.0,83360.0,2024,818.7,896.1,9.5,81.0,27.0,46.2,8.5,0.009074354314209776
45940,"Trenton-Princeton, NJ",4,47-2111,Electricians,600.0,89520.0,43.04,83940.0,40.35,47840.0,61880.0,120310.0,121650.0,2024,818.7,896.1,9.5,81.0,27.0,46.2,8.5,0.009074354314209776
46060,"Tucson, AZ",4,47-2111,Electricians,1420.0,59490.0,28.6,56880.0,27.35,40560.0,46590.0,70990.0,84120.0,2024,818.7,896.1,9.5,81.0,27.0,46.2,8.5,0.009074354314209776
46140,"Tulsa, OK",4,47-2111,Electricians,2620.0,62880.0,30.23,60370.0,29.03,37440.0,48310.0,75170.0,89630.0,2024,818.7,896.1,9.5,81.0,27.0,46.2,8.5,0.009074354314209776
46220,"Tuscaloosa, AL",4,47-2111,Electricians,470.0,59290.0,28.51,59280.0,28.5,37600.0,45760.0,67990.0,75530.0,2024,818.7,896.1,9.5,81.0,27.0,46.2,8.5,0.009074354314209776
46300,"Twin Falls, ID",4,47-2111,Electricians,290.0,55590.0,26.73,50940.0,24.49,37610.0,42130.0,72860.0,76520.0,2024,818.7,896.1,9.5,81.0,27.0,46.2,8.5,0.009074354314209776
46340,"Tyler, TX",4,47-2111,Electricians,400.0,52880.0,25.42,49300.0,23.7,34610.0,39960.0,61270.0,74960.0,2024,818.7,896.1,9.5,81.0,27.0,46.2,8.5,0.009074354314209776
46520,"Urban Honolulu, HI",4,47-2111,Electricians,2360.0,88340.0,42.47,85660.0,41.18,43960.0,61780.0,117770.0,120640.0,2024,818.7,896.1,9.5,81.0,27.0,46.2,8.5,0.009074354314209776
46540,"Utica-Rome, NY",4,47-2111,Electricians,240.0,67100.0,32.26,61650.0,29.64,44040.0,49380.0,79220.0,97710.0,2024,818.7,896.1,9.5,81.0,27.0,46.2,8.5,0.009074354314209776
46660,"Valdosta, GA",4,47-2111,Electricians,380.0,53140.0,25.55,50820.0,24.44,36830.0,43780.0,59120.0,67450.0,2024,818.7,896.1,9.5,81.0,27.0,46.2,8.5,0.009074354314209776
46700,"Vallejo, CA",4,47-2111,Electricians,610.0,87940.0,42.28,79970.0,38.45,51290.0,62720.0,101970.0,135100.0,2024,818.7,896.1,9.5,81.0,27.0,46.2,8.5,0.009074354314209776
47020,"Victoria, TX",4,47-2111,Electricians,140.0,53560.0,25.75,51630.0,24.82,34410.0,44850.0,60720.0,74990.0,2024,818.7,896.1,9.5,81.0,27.0,46.2,8.5,0.009074354314209776
47220,"Vineland, NJ",4,47-2111,Electricians,170.0,79860.0,38.39,75000.0,36.06,45980.0,59590.0,108750.0,119290.0,2024,818.7,896.1,9.5,81.0,27.0,46.2,8.5,0.009074354314209776
47260,"Virginia Beach-Chesapeake-Norfolk, VA-NC",4,47-2111,Electricians,6260.0,60850.0,29.26,60790.0,29.23,38470.0,48180.0,70540.0,79140.0,2024,818.7,896.1,9.5,81.0,27.0,46.2,8.5,0.009074354314209776
47300,"Visalia, CA",4,47-2111,Electricians,530.0,75870.0,36.48,71390.0,34.32,46530.0,52950.0,92230.0,116830.0,2024,818.7,896.1,9.5,81.0,27.0,46.2,8.5,0.009074354314209776
47380,"Waco, TX",4,47-2111,Electricians,710.0,51520.0,24.77,48040.0,23.1,35980.0,39070.0,61110.0,74040.0,2024,818.7,896.1,9.5,81.0,27.0,46.2,8.5,0.009074354314209776
47460,"Walla Walla, WA",4,47-2111,Electricians,90.0,76180.0,36.62,75250.0,36.18,46900.0,58410.0,95460.0,111460.0,2024,818.7,896.1,9.5,81.0,27.0,46.2,8.5,0.009074354314209776
47580,"Warner Robins, GA",4,47-2111,Electricians,210.0,60580.0,29.13,59950.0,28.82,44780.0,54540.0,62300.0,75200.0,2024,818.7,896.1,9.5,81.0,27.0,46.2,8.5,0.009074354314209776
47900,"Washington-Arlington-Alexandria, DC-VA-MD-WV",4,47-2111,Electricians,16520.0,78580.0,37.78,75460.0,36.28,45310.0,57220.0,106450.0,115340.0,2024,818.7,896.1,9.5,81.0,27.0,46.2,8.5,0.009074354314209776
47930,"Waterbury-Shelton, CT",4,47-2111,Electricians,880.0,73850.0,35.51,75650.0,36.37,46790.0,61000.0,91110.0,99180.0,2024,818.7,896.1,9.5,81.0,27.0,46.2,8.5,0.009074354314209776
47940,"Waterloo-Cedar Falls, IA",4,47-2111,Electricians,370.0,64940.0,31.22,64700.0,31.11,38740.0,48680.0,80310.0,81720.0,2024,818.7,896.1,9.5,81.0,27.0,46.2,8.5,0.009074354314209776
48060,"Watertown-Fort Drum, NY",4,47-2111,Electricians,100.0,70970.0,34.12,76980.0,37.01,43680.0,49370.0,86550.0,89960.0,2024,818.7,896.1,9.5,81.0,27.0,46.2,8.5,0.009074354314209776
48140,"Wausau, WI",4,47-2111,Electricians,470.0,70480.0,33.88,77910.0,37.46,40520.0,52170.0,84370.0,90710.0,2024,818.7,896.1,9.5,81.0,27.0,46.2,8.5,0.009074354314209776
48260,"Weirton-Steubenville, WV-OH",4,47-2111,Electricians,200.0,64520.0,31.02,62190.0,29.9,38500.0,48700.0,76220.0,103970.0,2024,818.7,896.1,9.5,81.0,27.0,46.2,8.5,0.009074354314209776
48300,"Wenatchee-East Wenatchee, WA",4,47-2111,Electricians,450.0,100470.0,48.3,102160.0,49.12,59130.0,74870.0,126130.0,126130.0,2024,818.7,896.1,9.5,81.0,27.0,46.2,8.5,0.009074354314209776
48540,"Wheeling, WV-OH",4,47-2111,Electricians,350.0,68920.0,33.13,67780.0,32.59,46680.0,57970.0,83640.0,91240.0,2024,818.7,896.1,9.5,81.0,27.0,46.2,8.5,0.009074354314209776
48620,"Wichita, KS",4,47-2111,Electricians,1580.0,65530.0,31.51,62160.0,29.89,37650.0,49250.0,77520.0,94400.0,2024,818.7,896.1,9.5,81.0,27.0,46.2,8.5,0.009074354314209776
48660,"Wichita Falls, TX",4,47-2111,Electricians,240.0,48840.0,23.48,46950.0,22.57,31410.0,36800.0,59730.0,65640.0,2024,818.7,896.1,9.5,81.0,27.0,46.2,8.5,0.009074354314209776
48680,"Wildwood-The Villages, FL",4,47-2111,Electricians,210.0,52530.0,25.26,49460.0,23.78,37990.0,38950.0,58160.0,65590.0,2024,818.7,896.1,9.5,81.0,27.0,46.2,8.5,0.009074354314209776
48700,"Williamsport, PA",4,47-2111,Electricians,150.0,64430.0,30.98,60770.0,29.22,43120.0,49440.0,76080.0,82910.0,2024,818.7,896.1,9.5,81.0,27.0,46.2,8.5,0.009074354314209776
48900,"Wilmington, NC",4,47-2111,Electricians,980.0,54330.0,26.12,50210.0,24.14,37830.0,46520.0,60790.0,73080.0,2024,818.7,896.1,9.5,81.0,27.0,46.2,8.5,0.009074354314209776
49020,"Winchester, VA-WV",4,47-2111,Electricians,150.0,61290.0,29.46,59700.0,28.7,37690.0,48330.0,72880.0,84990.0,2024,818.7,896.1,9.5,81.0,27.0,46.2,8.5,0.009074354314209776
49180,"Winston-Salem, NC",4,47-2111,Electricians,1180.0,54180.0,26.05,51410.0,24.72,37460.0,45870.0,61180.0,64950.0,2024,818.7,896.1,9.5,81.0,27.0,46.2,8.5,0.009074354314209776
49340,"Worcester, MA",4,47-2111,Electricians,1460.0,74790.0,35.96,78270.0,37.63,45940.0,57200.0,92330.0,100510.0,2024,818.7,896.1,9.5,81.0,27.0,46.2,8.5,0.009074354314209776
49420,"Yakima, WA",4,47-2111,Electricians,440.0,86010.0,41.35,80870.0,38.88,50080.0,64810.0,108680.0,119210.0,2024,818.7,896.1,9.5,81.0,27.0,46.2,8.5,0.009074354314209776
49620,"York-Hanover, PA",4,47-2111,Electricians,720.0,75180.0,36.14,65850.0,31.66,46120.0,51990.0,81100.0,124340.0,2024,818.7,896.1,9.5,81.0,27.0,46.2,8.5,0.009074354314209776
49660,"Youngstown-Warren, OH",4,47-2111,Electricians,910.0,58370.0,28.06,58850.0,28.29,35390.0,44810.0,74620.0,81310.0,2024,818.7,896.1,9.5,81.0,27.0,46.2,8.5,0.009074354314209776
49700,"Yuba City, CA",4,47-2111,Electricians,180.0,76860.0,36.95,72660.0,34.93,44870.0,49130.0,93190.0,131220.0,2024,818.7,896.1,9.5,81.0,27.0,46.2,8.5,0.009074354314209776
49740,"Yuma, AZ",4,47-2111,Electricians,330.0,59110.0,28.42,56790.0,27.3,39310.0,45640.0,76080.0,76080.0,2024,818.7,896.1,9.5,81.0,27.0,46.2,8.5,0.009074354314209776
14500,"Boulder, CO",4,47-2111,Electricians,450.0,65120.0,31.31,62570.0,30.08,44180.0,49470.0,76730.0,89420.0,2024,818.7,896.1,9.5,81.0,27.0,46.2,8.5,0.009074354314209776
17820,"Colorado Springs, CO",4,47-2111,Electricians,1230.0,60630.0,29.15,59620.0,28.67,39490.0,47320.0,73820.0,79800.0,2024,818.7,896.1,9.5,81.0,27.0,46.2,8.5,0.009074354314209776
19740,"Denver-Aurora-Centennial, CO",4,47-2111,Electricians,10600.0,66080.0,31.77,63010.0,30.29,44900.0,48690.0,78570.0,90480.0,2024,818.7,896.1,9.5,81.0,27.0,46.2,8.5,0.009074354314209776
22660,"Fort Collins-Loveland, CO",4,47-2111,Electricians,830.0,61930.0,29.77,59840.0,28.77,40210.0,47290.0,74190.0,84510.0,2024,818.7,896.1,9.5,81.0,27.0,46.2,8.5,0.009074354314209776
24300,"Grand Junction, CO",4,47-2111,Electricians,430.0,57380.0,27.59,57340.0,27.57,38050.0,46260.0,69460.0,76970.0,2024,818.7,896.1,9.5,81.0,27.0,46.2,8.5,0.009074354314209776
24540,"Greeley, CO",4,47-2111,Electricians,1120.0,63830.0,30.69,61130.0,29.39,40910.0,46590.0,77850.0,87570.0,2024,818.7,896.1,9.5,81.0,27.0,46.2,8.5,0.009074354314209776
39380,"Pueblo, CO",4,47-2111,Electricians,400.0,62400.0,30.0,59700.0,28.7,37900.0,46650.0,75850.0,93350.0,2024,818.7,896.1,9.5,81.0,27.0,46.2,8.5,0.009074354314209776
