area_code,area_title,area_type,occ_code,occ_title,emp,a_mean,h_mean,a_median,h_median,a_pct10,a_pct25,a_pct75,a_pct90,oews_year,emp_2024,emp_2034,pct_change,annual_openings,labor_force_exits,occupational_transfers,total_separations,g_baseline
99,U.S.,1,15-1252,Software Developers,1654440.0,144570.0,69.5,133080.0,63.98,79850.0,103050.0,169000.0,211450.0,2024,1693.8,1961.4,15.8,115.2,30.7,57.7,4.8,0.014776506742768758
1,Alabama,2,15-1252,Software Developers,18020.0,117380.0,56.43,113020.0,54.34,63670.0,82610.0,141140.0,176060.0,2024,1693.8,1961.4,15.8,115.2,30.7,57.7,4.8,0.014776506742768758
2,Alaska,2,15-1252,Software Developers,430.0,132940.0,63.91,119600.0,57.5,92980.0,95930.0,167140.0,196500.0,2024,1693.8,1961.4,15.8,115.2,30.7,57.7,4.8,0.014776506742768758
4,Arizona,2,15-1252,Software Developers,35650.0,133140.0,64.01,128690.0,61.87,80300.0,100320.0,157710.0,186280.0,2024,1693.8,1961.4,15.8,115.2,30.7,57.7,4.8,0.014776506742768758
5,Arkansas,2,15-1252,Software Developers,6390.0,100380.0,48.26,96820.0,46.55,55030.0,77550.0,119770.0,160700.0,2024,1693.8,1961.4,15.8,115.2,30.7,57.7,4.8,0.014776506742768758
6,California,2,15-1252,Software Developers,292630.0,185750.0,89.3,170910.0,82.17,103950.0,134820.0,212280.0,,2024,1693.8,1961.4,15.8,115.2,30.7,57.7,4.8,0.014776506742768758
9,Connecticut,2,15-1252,Software Developers,16490.0,136530.0,65.64,130870.0,62.92,80460.0,102610.0,164180.0,203160.0,2024,1693.8,1961.4,15.8,115.2,30.7,57.7,4.8,0.014776506742768758
10,Delaware,2,15-1252,Software Developers,3850.0,136170.0,65.47,135160.0,64.98,93850.0,111110.0,162060.0,169070.0,2024,1693.8,1961.4,15.8,115.2,30.7,57.7,4.8,0.014776506742768758
11,District of Columbia,2,15-1252,Software Developers,8250.0,143810.0,69.14,136040.0,65.4,87120.0,114690.0,166970.0,203560.0,2024,1693.8,1961.4,15.8,115.2,30.7,57.7,4.8,0.014776506742768758
12,Florida,2,15-1252,Software Developers,82610.0,128290.0,61.68,126550.0,60.84,75260.0,98710.0,158430.0,174030.0,2024,1693.8,1961.4,15.8,115.2,30.7,57.7,4.8,0.014776506742768758
13,Georgia,2,15-1252,Software Developers,47350.0,128310.0,61.69,128920.0,61.98,75950.0,101230.0,158030.0,173650.0,2024,1693.8,1961.4,15.8,115.2,30.7,57.7,4.8,0.014776506742768758
15,Hawaii,2,15-1252,Software Developers,1940.0,124960.0,60.08,119880.0,57.64,53840.0,80710.0,167110.0,194220.0,2024,1693.8,1961.4,15.8,115.2,30.7,57.7,4.8,0.014776506742768758
16,Idaho,2,15-1252,Software Developers,4960.0,125460.0,60.32,107900.0,51.87,62750.0,81020.0,137310.0,168060.0,2024,1693.8,1961.4,15.8,115.2,30.7,57.7,4.8,0.014776506742768758
17,Illinois,2,15-1252,Software Developers,54490.0,127030.0,61.07,127770.0,61.43,75450.0,98800.0,159280.0,172020.0,2024,1693.8,1961.4,15.8,115.2,30.7,57.7,4.8,0.014776506742768758
18,Indiana,2,15-1252,Software Developers,12690.0,107610.0,51.74,103570.0,49.79,68680.0,81830.0,129050.0,151450.0,2024,1693.8,1961.4,15.8,115.2,30.7,57.7,4.8,0.014776506742768758
19,Iowa,2,15-1252,Software Developers,9840.0,116000.0,55.77,109850.0,52.81,70650.0,89300.0,134260.0,169200.0,2024,1693.8,1961.4,15.8,115.2,30.7,57.7,4.8,0.014776506742768758
20,Kansas,2,15-1252,Software Developers,15850.0,112900.0,54.28,106660.0,51.28,66870.0,81590.0,133220.0,163670.0,2024,1693.8,1961.4,15.8,115.2,30.7,57.7,4.8,0.014776506742768758
21,Kentucky,2,15-1252,Software Developers,7070.0,114200.0,54.9,106200.0,51.06,71330.0,85410.0,134150.0,164770.0,2024,1693.8,1961.4,15.8,115.2,30.7,57.7,4.8,0.014776506742768758
22,Louisiana,2,15-1252,Software Developers,3870.0,119790.0,57.59,102290.0,49.18,64480.0,80170.0,124550.0,154220.0,2024,1693.8,1961.4,15.8,115.2,30.7,57.7,4.8,0.014776506742768758
23,Maine,2,15-1252,Software Developers,2740.0,118110.0,56.78,113800.0,54.71,76860.0,92190.0,138730.0,170700.0,2024,1693.8,1961.4,15.8,115.2,30.7,57.7,4.8,0.014776506742768758
24,Maryland,2,15-1252,Software Developers,31940.0,150800.0,72.5,137890.0,66.29,86490.0,107670.0,175900.0,218190.0,2024,1693.8,1961.4,15.8,115.2,30.7,57.7,4.8,0.014776506742768758
25,Massachusetts,2,15-1252,Software Developers,54260.0,153650.0,73.87,150520.0,72.37,99360.0,125430.0,172680.0,208220.0,2024,1693.8,1961.4,15.8,115.2,30.7,57.7,4.8,0.014776506742768758
26,Michigan,2,15-1252,Software Developers,41490.0,114890.0,55.23,107820.0,51.84,74200.0,85690.0,133940.0,161850.0,2024,1693.8,1961.4,15.8,115.2,30.7,57.7,4.8,0.014776506742768758
27,Minnesota,2,15-1252,Software Developers,39580.0,121600.0,58.46,124540.0,59.88,75340.0,98470.0,144860.0,166910.0,2024,1693.8,1961.4,15.8,115.2,30.7,57.7,4.8,0.014776506742768758
28,Mississippi,2,15-1252,Software Developers,3200.0,87990.0,42.3,86460.0,41.57,29760.0,51890.0,123710.0,136390.0,2024,1693.8,1961.4,15.8,115.2,30.7,57.7,4.8,0.014776506742768758
29,Missouri,2,15-1252,Software Developers,17060.0,114240.0,54.93,114550.0,55.07,63210.0,82990.0,134600.0,163270.0,2024,1693.8,1961.4,15.8,115.2,30.7,57.7,4.8,0.014776506742768758
30,Montana,2,15-1252,Software Developers,2070.0,120950.0,58.15,100190.0,48.17,62890.0,77990.0,163730.0,216250.0,2024,1693.8,1961.4,15.8,115.2,30.7,57.7,4.8,0.014776506742768758
31,Nebraska,2,15-1252,Software Developers,8940.0,116110.0,55.82,116420.0,55.97,77300.0,98100.0,138520.0,146310.0,2024,1693.8,1961.4,15.8,115.2,30.7,57.7,4.8,0.014776506742768758
32,Nevada,2,15-1252,Software Developers,4640.0,137920.0,66.31,129030.0,62.03,76000.0,97780.0,169990.0,203840.0,2024,1693.8,1961.4,15.8,115.2,30.7,57.7,4.8,0.014776506742768758
33,New Hampshire,2,15-1252,Software Developers,8010.0,139860.0,67.24,132420.0,63.67,85590.0,104000.0,169130.0,199160.0,2024,1693.8,1961.4,15.8,115.2,30.7,57.7,4.8,0.014776506742768758
34,New Jersey,2,15-1252,Software Developers,57120.0,140520.0,67.56,132400.0,63.65,84220.0,104060.0,166340.0,205420.0,2024,1693.8,1961.4,15.8,115.2,30.7,57.7,4.8,0.014776506742768758
35,New Mexico,2,15-1252,Software Developers,4810.0,120080.0,57.73,120820.0,58.09,61070.0,84430.0,141870.0,179270.0,2024,1693.8,1961.4,15.8,115.2,30.7,57.7,4.8,0.014776506742768758
36,New York,2,15-1252,Software Developers,104130.0,159990.0,76.92,161260.0,77.53,85520.0,119530.0,194790.0,223480.0,2024,1693.8,1961.4,15.8,115.2,30.7,57.7,4.8,0.014776506742768758
37,North Carolina,2,15-1252,Software Developers,57590.0,131780.0,63.35,131000.0,62.98,79620.0,102430.0,158940.0,173660.0,2024,1693.8,1961.4,15.8,115.2,30.7,57.7,4.8,0.014776506742768758
38,North Dakota,2,15-1252,Software Developers,1510.0,103610.0,49.81,98550.0,47.38,63140.0,80590.0,122550.0,153280.0,2024,1693.8,1961.4,15.8,115.2,30.7,57.7,4.8,0.014776506742768758
39,Ohio,2,15-1252,Software Developers,44280.0,116330.0,55.93,107690.0,51.77,74780.0,87340.0,134540.0,165640.0,2024,1693.8,1961.4,15.8,115.2,30.7,57.7,4.8,0.014776506742768758
40,Oklahoma,2,15-1252,Software Developers,7150.0,112920.0,54.29,107420.0,51.65,63510.0,83070.0,138620.0,167040.0,2024,1693.8,1961.4,15.8,115.2,30.7,57.7,4.8,0.014776506742768758
41,Oregon,2,15-1252,Software Developers,21100.0,146650.0,70.51,135260.0,65.03,92120.0,110080.0,165940.0,211750.0,2024,1693.8,1961.4,15.8,115.2,30.7,57.7,4.8,0.014776506742768758
42,Pennsylvania,2,15-1252,Software Developers,47350.0,122240.0,58.77,123740.0,59.49,73730.0,94490.0,147060.0,167290.0,2024,1693.8,1961.4,15.8,115.2,30.7,57.7,4.8,0.014776506742768758
44,Rhode Island,2,15-1252,Software Developers,6010.0,126810.0,60.97,128660.0,61.86,82630.0,98340.0,135980.0,168020.0,2024,1693.8,1961.4,15.8,115.2,30.7,57.7,4.8,0.014776506742768758
45,South Carolina,2,15-1252,Software Developers,12230.0,119610.0,57.51,108690.0,52.25,63500.0,80380.0,153780.0,179670.0,2024,1693.8,1961.4,15.8,115.2,30.7,57.7,4.8,0.014776506742768758
46,South Dakota,2,15-1252,Software Developers,2190.0,93390.0,44.9,87770.0,42.2,59510.0,76540.0,104880.0,130610.0,2024,1693.8,1961.4,15.8,115.2,30.7,57.7,4.8,0.014776506742768758
47,Tennessee,2,15-1252,Software Developers,18750.0,117940.0,56.7,117340.0,56.41,72140.0,95060.0,134890.0,164420.0,2024,1693.8,1961.4,15.8,115.2,30.7,57.7,4.8,0.014776506742768758
48,Texas,2,15-1252,Software Developers,151460.0,133280.0,64.08,130500.0,62.74,79490.0,102060.0,160240.0,174710.0,2024,1693.8,1961.4,15.8,115.2,30.7,57.7,4.8,0.014776506742768758
49,Utah,2,15-1252,Software Developers,29160.0,126650.0,60.89,127390.0,61.25,74030.0,95100.0,157450.0,176990.0,2024,1693.8,1961.4,15.8,115.2,30.7,57.7,4.8,0.014776506742768758
50,Vermont,2,15-1252,Software Developers,,134320.0,64.58,130720.0,62.85,79880.0,93670.0,158750.0,203530.0,2024,1693.8,1961.4,15.8,115.2,30.7,57.7,4.8,0.014776506742768758
51,Virginia,2,15-1252,Software Developers,83290.0,142230.0,68.38,134470.0,64.65,82560.0,105550.0,168570.0,208480.0,2024,1693.8,1961.4,15.8,115.2,30.7,57.7,4.8,0.014776506742768758
53,Washington,2,15-1252,Software Developers,91470.0,175600.0,84.42,166910.0,80.24,102630.0,132870.0,207370.0,,2024,1693.8,1961.4,15.8,115.2,30.7,57.7,4.8,0.014776506742768758
54,West Virginia,2,15-1252,Software Developers,2280.0,107330.0,51.6,103550.0,49.79,61480.0,79480.0,126880.0,160660.0,2024,1693.8,1961.4,15.8,115.2,30.7,57.7,4.8,0.014776506742768758
55,Wisconsin,2,15-1252,Software Developers,22170.0,114030.0,54.82,103360.0,49.69,63120.0,82280.0,129760.0,162220.0,2024,1693.8,1961.4,15.8,115.2,30.7,57.7,4.8,0.014776506742768758
56,Wyoming,2,15-1252,Software Developers,1020.0,121500.0,58.41,112590.0,54.13,61810.0,77530.0,150700.0,163840.0,2024,1693.8,1961.4,15.8,115.2,30.7,57.7,4.8,0.014776506742768758
8,Colorado,2,15-1252,Software Developers,48980.0,147750.0,71.04,134540.0,64.68,93070.0,107780.0,168120.0,210760.0,2024,1693.8,1961.4,15.8,115.2,30.7,57.7,4.8,0.014776506742768758
10180,"Abilene, TX",4,15-1252,Software Developers,260.0,105960.0,50.94,102870.0,49.46,61890.0,76530.0,124790.0,155830.0,2024,1693.8,1961.4,15.8,115.2,30.7,57.7,4.8,0.014776506742768758
10380,"Aguadilla, PR",4,15-1252,Software Developers,120.0,77700.0,37.36,77370.0,37.2,46560.0,54030.0,101250.0,125580.0,2024,1693.8,1961.4,15.8,115.2,30.7,57.7,4.8,0.014776506742768758
10420,"Akron, OH",4,15-1252,Software Developers,2290.0,107780.0,51.82,101110.0,48.61,63740.0,79650.0,129360.0,159810.0,2024,1693.8,1961.4,15.8,115.2,30.7,57.7,4.8,0.014776506742768758
10500,"Albany, GA",4,15-1252,Software Developers,180.0,110190.0,52.97,101670.0,48.88,70260.0,90710.0,126910.0,160400.0,2024,1693.8,1961.4,15.8,115.2,30.7,57.7,4.8,0.014776506742768758
10540,"Albany, OR",4,15-1252,Software Developers,100.0,127450.0,61.27,120800.0,58.08,79480.0,98780.0,155590.0,190330.0,2024,1693.8,1961.4,15.8,115.2,30.7,57.7,4.8,0.014776506742768758
10580,"Albany-Schenectady-Troy, NY",4,15-1252,Software Developers,2970.0,121300.0,58.32,115970.0,55.76,75450.0,85520.0,143720.0,173320.0,2024,1693.8,1961.4,15.8,115.2,30.7,57.7,4.8,0.014776506742768758
10740,"Albuquerque, NM",4,15-1252,Software Developers,2830.0,121630.0,58.48,125450.0,60.31,70470.0,89240.0,141080.0,177970.0,2024,1693.8,1961.4,15.8,115.2,30.7,57.7,4.8,0.014776506742768758
10780,"Alexandria, LA",4,15-1252,Software Developers,40.0,107770.0,51.81,106190.0,51.05,76530.0,82180.0,131180.0,144750.0,2024,1693.8,1961.4,15.8,115.2,30.7,57.7,4.8,0.014776506742768758
10900,"Allentown-Bethlehem-Easton, PA-NJ",4,15-1252,Software Developers,1360.0,117650.0,56.56,112340.0,54.01,66280.0,82540.0,136070.0,170500.0,2024,1693.8,1961.4,15.8,115.2,30.7,57.7,4.8,0.014776506742768758
11020,"Altoona, PA",4,15-1252,Software Developers,150.0,105970.0,50.95,97120.0,46.69,67170.0,78020.0,131980.0,150000.0,2024,1693.8,1961.4,15.8,115.2,30.7,57.7,4.8,0.014776506742768758
11100,"Amarillo, TX",4,15-1252,Software Developers,350.0,112260.0,53.97,116870.0,56.19,55500.0,79530.0,131970.0,163090.0,2024,1693.8,1961.4,15.8,115.2,30.7,57.7,4.8,0.014776506742768758
11180,"Ames, IA",4,15-1252,Software Developers,440.0,124510.0,59.86,127040.0,61.08,73480.0,101510.0,156360.0,180560.0,2024,1693.8,1961.4,15.8,115.2,30.7,57.7,4.8,0.014776506742768758
11200,"Amherst Town-Northampton, MA",4,15-1252,Software Developers,320.0,128680.0,61.86,123600.0,59.42,85390.0,98280.0,156730.0,191160.0,2024,1693.8,1961.4,15.8,115.2,30.7,57.7,4.8,0.014776506742768758
11260,"Anchorage, AK",4,15-1252,Software Developers,240.0,128070.0,61.57,117100.0,56.3,92210.0,98830.0,163930.0,182190.0,2024,1693.8,1961.4,15.8,115.2,30.7,57.7,4.8,0.014776506742768758
11460,"Ann Arbor, MI",4,15-1252,Software Developers,2450.0,125220.0,60.2,119310.0,57.36,79800.0,97720.0,138850.0,169780.0,2024,1693.8,1961.4,15.8,115.2,30.7,57.7,4.8,0.014776506742768758
11500,"Anniston-Oxford, AL",4,15-1252,Software Developers,60.0,98110.0,47.17,88370.0,42.49,47780.0,60520.0,123510.0,165380.0,2024,1693.8,1961.4,15.8,115.2,30.7,57.7,4.8,0.014776506742768758
11540,"Appleton, WI",4,15-1252,Software Developers,510.0,104900.0,50.43,99650.0,47.91,62150.0,78220.0,127960.0,152290.0,2024,1693.8,1961.4,15.8,115.2,30.7,57.7,4.8,0.014776506742768758
11700,"Asheville, NC",4,15-1252,Software Developers,920.0,116170.0,55.85,118850.0,57.14,52560.0,82750.0,131760.0,164420.0,2024,1693.8,1961.4,15.8,115.2,30.7,57.7,4.8,0.014776506742768758
12020,"Athens-Clarke County, GA",4,15-1252,Software Developers,150.0,108340.0,52.09,102870.0,49.46,59590.0,78010.0,127760.0,168950.0,2024,1693.8,1961.4,15.8,115.2,30.7,57.7,4.8,0.014776506742768758
12060,"Atlanta-Sandy Springs-Roswell, GA",4,15-1252,Software Developers,35900.0,130920.0,62.94,130830.0,62.9,79720.0,103410.0,159900.0,173650.0,2024,1693.8,1961.4,15.8,115.2,30.7,57.7,4.8,0.014776506742768758
12100,"Atlantic City-Hammonton, NJ",4,15-1252,Software Developers,590.0,126630.0,60.88,121540.0,58.44,66570.0,80540.0,157250.0,198130.0,2024,1693.8,1961.4,15.8,115.2,30.7,57.7,4.8,0.014776506742768758
12220,"Auburn-Opelika, AL",4,15-1252,Software Developers,190.0,107180.0,51.53,93240.0,44.83,58680.0,74530.0,133800.0,168410.0,2024,1693.8,1961.4,15.8,115.2,30.7,57.7,4.8,0.014776506742768758
12260,"Augusta-Richmond County, GA-SC",4,15-1252,Software Developers,780.0,112820.0,54.24,104590.0,50.29,62400.0,81330.0,132270.0,167040.0,2024,1693.8,1961.4,15.8,115.2,30.7,57.7,4.8,0.014776506742768758
12420,"Austin-Round Rock-San Marcos, TX",4,15-1252,Software Developers,28210.0,139390.0,67.01,133070.0,63.98,80850.0,103330.0,165550.0,199230.0,2024,1693.8,1961.4,15.8,115.2,30.7,57.7,4.8,0.014776506742768758
12540,"Bakersfield-Delano, CA",4,15-1252,Software Developers,740.0,147140.0,70.74,132590.0,63.75,91680.0,103890.0,165120.0,200980.0,2024,1693.8,1961.4,15.8,115.2,30.7,57.7,4.8,0.014776506742768758
12580,"Baltimore-Columbia-Towson, MD",4,15-1252,Software Developers,16620.0,151370.0,72.77,137350.0,66.04,86200.0,105250.0,182980.0,217120.0,2024,1693.8,1961.4,15.8,115.2,30.7,57.7,4.8,0.014776506742768758
12620,"Bangor, ME",4,15-1252,Software Developers,100.0,112290.0,53.98,109990.0,52.88,75450.0,87640.0,124990.0,155640.0,2024,1693.8,1961.4,15.8,115.2,30.7,57.7,4.8,0.014776506742768758
12700,"Barnstable Town, MA",4,15-1252,Software Developers,300.0,139440.0,67.04,130340.0,62.67,91850.0,106010.0,163910.0,203840.0,2024,1693.8,1961.4,15.8,115.2,30.7,57.7,4.8,0.014776506742768758
12940,"Baton Rouge, LA",4,15-1252,Software Developers,1160.0,102230.0,49.15,97320.0,46.79,61120.0,79400.0,119910.0,137780.0,2024,1693.8,1961.4,15.8,115.2,30.7,57.7,4.8,0.014776506742768758
12980,"Battle Creek, MI",4,15-1252,Software Developers,100.0,114890.0,55.24,110420.0,53.09,63890.0,83980.0,131650.0,165320.0,2024,1693.8,1961.4,15.8,115.2,30.7,57.7,4.8,0.014776506742768758
13020,"Bay City, MI",4,15-1252,Software Developers,100.0,104260.0,50.12,91870.0,44.17,60090.0,73510.0,127140.0,162100.0,2024,1693.8,1961.4,15.8,115.2,30.7,57.7,4.8,0.014776506742768758
13140,"Beaumont-Port Arthur, TX",4,15-1252,Software Developers,400.0,124820.0,60.01,122350.0,58.82,75040.0,94310.0,152960.0,163900.0,2024,1693.8,1961.4,15.8,115.2,30.7,57.7,4.8,0.014776506742768758
13380,"Bellingham, WA",4,15-1252,Software Developers,630.0,140180.0,67.4,130600.0,62.79,86880.0,106240.0,164730.0,200060.0,2024,1693.8,1961.4,15.8,115.2,30.7,57.7,4.8,0.014776506742768758
13460,"Bend, OR",4,15-1252,Software Developers,760.0,132310.0,63.61,128230.0,61.65,84610.0,105630.0,155610.0,181100.0,2024,1693.8,1961.4,15.8,115.2,30.7,57.7,4.8,0.014776506742768758
13740,"Billings, MT",4,15-1252,Software Developers,240.0,109270.0,52.53,97050.0,46.66,62640.0,77990.0,123950.0,177780.0,2024,1693.8,1961.4,15.8,115.2,30.7,57.7,4.8,0.014776506742768758
13780,"Binghamton, NY",4,15-1252,Software Developers,1130.0,125070.0,60.13,129600.0,62.31,81650.0,101520.0,145350.0,169020.0,2024,1693.8,1961.4,15.8,115.2,30.7,57.7,4.8,0.014776506742768758
13820,"Birmingham, AL",4,15-1252,Software Developers,3800.0,114740.0,55.17,106890.0,51.39,66150.0,81930.0,135980.0,164640.0,2024,1693.8,1961.4,15.8,115.2,30.7,57.7,4.8,0.014776506742768758
13900,"Bismarck, ND",4,15-1252,Software Developers,340.0,103170.0,49.6,98510.0,47.36,71190.0,82420.0,121070.0,132410.0,2024,1693.8,1961.4,15.8,115.2,30.7,57.7,4.8,0.014776506742768758
13980,"Blacksburg-Christiansburg-Radford, VA",4,15-1252,Software Developers,580.0,105990.0,50.96,103110.0,49.57,63720.0,82120.0,128500.0,151330.0,2024,1693.8,1961.4,15.8,115.2,30.7,57.7,4.8,0.014776506742768758
14010,"Bloomington, IL",4,15-1252,Software Developers,1300.0,121270.0,58.31,121590.0,58.46,82820.0,101620.0,135170.0,159150.0,2024,1693.8,1961.4,15.8,115.2,30.7,57.7,4.8,0.014776506742768758
14020,"Bloomington, IN",4,15-1252,Software Developers,150.0,103280.0,49.65,96100.0,46.2,66290.0,77660.0,128090.0,154370.0,2024,1693.8,1961.4,15.8,115.2,30.7,57.7,4.8,0.014776506742768758
14260,"Boise City, ID",4,15-1252,Software Developers,2820.0,128320.0,61.69,112230.0,53.96,63350.0,82370.0,136950.0,167670.0,2024,1693.8,1961.4,15.8,115.2,30.7,57.7,4.8,0.014776506742768758
14460,"Boston-Cambridge-Newton, MA-NH",4,15-1252,Software Developers,48200.0,154840.0,74.44,154240.0,74.15,99840.0,127460.0,172970.0,208590.0,2024,1693.8,1961.4,15.8,115.2,30.7,57.7,4.8,0.014776506742768758
14540,"Bowling Green, KY",4,15-1252,Software Developers,170.0,123200.0,59.23,97680.0,46.96,68970.0,83650.0,157920.0,215750.0,2024,1693.8,1961.4,15.8,115.2,30.7,57.7,4.8,0.014776506742768758
14580,"Bozeman, MT",4,15-1252,Software Developers,370.0,121010.0,58.18,107590.0,51.72,74560.0,83400.0,140340.0,202440.0,2024,1693.8,1961.4,15.8,115.2,30.7,57.7,4.8,0.014776506742768758
14740,"Bremerton-Silverdale-Port Orchard, WA",4,15-1252,Software Developers,620.0,146190.0,70.28,139060.0,66.86,90830.0,108620.0,173600.0,193280.0,2024,1693.8,1961.4,15.8,115.2,30.7,57.7,4.8,0.014776506742768758
14860,"Bridgeport-Stamford-Danbury, CT",4,15-1252,Software Developers,3800.0,162030.0,77.9,157540.0,75.74,96290.0,112770.0,201430.0,,2024,1693.8,1961.4,15.8,115.2,30.7,57.7,4.8,0.014776506742768758
15180,"Brownsville-Harlingen, TX",4,15-1252,Software Developers,320.0,104590.0,50.29,103510.0,49.76,49880.0,78380.0,132190.0,150620.0,2024,1693.8,1961.4,15.8,115.2,30.7,57.7,4.8,0.014776506742768758
15260,"Brunswick-St. Simons, GA",4,15-1252,Software Developers,40.0,130630.0,62.8,114670.0,55.13,72930.0,92350.0,166770.0,197370.0,2024,1693.8,1961.4,15.8,115.2,30.7,57.7,4.8,0.014776506742768758
15380,"Buffalo-Cheektowaga, NY",4,15-1252,Software Developers,3720.0,125020.0,60.11,128780.0,61.91,74280.0,96990.0,153350.0,171470.0,2024,1693.8,1961.4,15.8,115.2,30.7,57.7,4.8,0.014776506742768758
15500,"Burlington, NC",4,15-1252,Software Developers,260.0,115880.0,55.71,114510.0,55.06,75710.0,87710.0,137390.0,160160.0,2024,1693.8,1961.4,15.8,115.2,30.7,57.7,4.8,0.014776506742768758
15540,"Burlington-South Burlington, VT",4,15-1252,Software Developers,1250.0,133120.0,64.0,131000.0,62.98,81070.0,94990.0,154670.0,210650.0,2024,1693.8,1961.4,15.8,115.2,30.7,57.7,4.8,0.014776506742768758
15940,"Canton-Massillon, OH",4,15-1252,Software Developers,450.0,109570.0,52.68,99260.0,47.72,64660.0,81020.0,132890.0,162020.0,2024,1693.8,1961.4,15.8,115.2,30.7,57.7,4.8,0.014776506742768758
15980,"Cape Coral-Fort Myers, FL",4,15-1252,Software Developers,1090.0,125170.0,60.18,125420.0,60.3,65250.0,88500.0,158000.0,173310.0,2024,1693.8,1961.4,15.8,115.2,30.7,57.7,4.8,0.014776506742768758
16020,"Cape Girardeau, MO-IL",4,15-1252,Software Developers,90.0,93060.0,44.74,97130.0,46.7,56690.0,69770.0,113000.0,127180.0,2024,1693.8,1961.4,15.8,115.2,30.7,57.7,4.8,0.014776506742768758
16180,"Carson City, NV",4,15-1252,Software Developers,70.0,135660.0,65.22,109230.0,52.51,76340.0,94520.0,139940.0,185370.0,2024,1693.8,1961.4,15.8,115.2,30.7,57.7,4.8,0.014776506742768758
16220,"Casper, WY",4,15-1252,Software Developers,160.0,106930.0,51.41,101210.0,48.66,60320.0,72560.0,128820.0,158750.0,2024,1693.8,1961.4,15.8,115.2,30.7,57.7,4.8,0.014776506742768758
16300,"Cedar Rapids, IA",4,15-1252,Software Developers,1270.0,116360.0,55.94,108490.0,52.16,76490.0,96010.0,133050.0,166890.0,2024,1693.8,1961.4,15.8,115.2,30.7,57.7,4.8,0.014776506742768758
16540,"Chambersburg, PA",4,15-1252,Software Developers,150.0,115050.0,55.31,111900.0,53.8,70750.0,81100.0,129270.0,163960.0,2024,1693.8,1961.4,15.8,115.2,30.7,57.7,4.8,0.014776506742768758
16580,"Champaign-Urbana, IL",4,15-1252,Software Developers,600.0,108870.0,52.34,101110.0,48.61,67700.0,81510.0,127210.0,157230.0,2024,1693.8,1961.4,15.8,115.2,30.7,57.7,4.8,0.014776506742768758
16620,"Charleston, WV",4,15-1252,Software Developers,330.0,107190.0,51.54,100020.0,48.09,68420.0,81460.0,129160.0,160160.0,2024,1693.8,1961.4,15.8,115.2,30.7,57.7,4.8,0.014776506742768758
16700,"Charleston-North Charleston, SC",4,15-1252,Software Developers,2030.0,126070.0,60.61,124790.0,60.0,76210.0,95690.0,157950.0,180480.0,2024,1693.8,1961.4,15.8,115.2,30.7,57.7,4.8,0.014776506742768758
16740,"Charlotte-Concord-Gastonia, NC-SC",4,15-1252,Software Developers,20010.0,133750.0,64.3,132100.0,63.51,81480.0,105280.0,161130.0,168570.0,2024,1693.8,1961.4,15.8,115.2,30.7,57.7,4.8,0.014776506742768758
16820,"Charlottesville, VA",4,15-1252,Software Developers,1320.0,129690.0,62.35,127910.0,61.5,81130.0,100030.0,158910.0,184280.0,2024,1693.8,1961.4,15.8,115.2,30.7,57.7,4.8,0.014776506742768758
16860,"Chattanooga, TN-GA",4,15-1252,Software Developers,1210.0,110710.0,53.23,101820.0,48.95,61610.0,80070.0,127980.0,158050.0,2024,1693.8,1961.4,15.8,115.2,30.7,57.7,4.8,0.014776506742768758
16940,"Cheyenne, WY",4,15-1252,Software Developers,390.0,123780.0,59.51,121360.0,58.35,74060.0,79040.0,142620.0,,2024,1693.8,1961.4,15.8,115.2,30.7,57.7,4.8,0.014776506742768758
16980,"Chicago-Naperville-Elgin, IL-IN",4,15-1252,Software Developers,41320.0,130930.0,62.95,130030.0,62.51,78300.0,102040.0,161810.0,173770.0,2024,1693.8,1961.4,15.8,115.2,30.7,57.7,4.8,0.014776506742768758
17020,"Chico, CA",4,15-1252,Software Developers,150.0,129100.0,62.07,126490.0,60.81,74090.0,97930.0,160180.0,190460.0,2024,1693.8,1961.4,15.8,115.2,30.7,57.7,4.8,0.014776506742768758
17140,"Cincinnati, OH-KY-IN",4,15-1252,Software Developers,9160.0,119970.0,57.68,113240.0,54.44,77810.0,92240.0,134690.0,167400.0,2024,1693.8,1961.4,15.8,115.2,30.7,57.7,4.8,0.014776506742768758
17300,"Clarksville, TN-KY",4,15-1252,Software Developers,220.0,105570.0,50.75,97460.0,46.86,61790.0,78660.0,127000.0,163670.0,2024,1693.8,1961.4,15.8,115.2,30.7,57.7,4.8,0.014776506742768758
17410,"Cleveland, OH",4,15-1252,Software Developers,8930.0,111710.0,53.71,102790.0,49.42,67660.0,82970.0,131150.0,163100.0,2024,1693.8,1961.4,15.8,115.2,30.7,57.7,4.8,0.014776506742768758
17420,"Cleveland, TN",4,15-1252,Software Developers,90.0,108110.0,51.98,98800.0,47.5,63820.0,80180.0,125570.0,162810.0,2024,1693.8,1961.4,15.8,115.2,30.7,57.7,4.8,0.014776506742768758
17660,"Coeur d'Alene, ID",4,15-1252,Software Developers,280.0,127570.0,61.33,106960.0,51.42,62770.0,82640.0,145190.0,171300.0,2024,1693.8,1961.4,15.8,115.2,30.7,57.7,4.8,0.014776506742768758
17780,"College Station-Bryan, TX",4,15-1252,Software Developers,580.0,109010.0,52.41,101610.0,48.85,65350.0,79160.0,130850.0,159220.0,2024,1693.8,1961.4,15.8,115.2,30.7,57.7,4.8,0.014776506742768758
17860,"Columbia, MO",4,15-1252,Software Developers,530.0,104140.0,50.07,100680.0,48.4,64660.0,84200.0,121930.0,149500.0,2024,1693.8,1961.4,15.8,115.2,30.7,57.7,4.8,0.014776506742768758
17900,"Columbia, SC",4,15-1252,Software Developers,2270.0,110070.0,52.92,103400.0,49.71,62810.0,77170.0,130550.0,166980.0,2024,1693.8,1961.4,15.8,115.2,30.7,57.7,4.8,0.014776506742768758
17980,"Columbus, GA-AL",4,15-1252,Software Developers,1010.0,113920.0,54.77,114320.0,54.96,74810.0,90140.0,136890.0,144490.0,2024,1693.8,1961.4,15.8,115.2,30.7,57.7,4.8,0.014776506742768758
18020,"Columbus, IN",4,15-1252,Software Developers,230.0,99560.0,47.87,103080.0,49.56,71990.0,81830.0,108800.0,125950.0,2024,1693.8,1961.4,15.8,115.2,30.7,57.7,4.8,0.014776506742768758
18140,"Columbus, OH",4,15-1252,Software Developers,10200.0,121150.0,58.25,117150.0,56.32,78830.0,96990.0,138100.0,168340.0,2024,1693.8,1961.4,15.8,115.2,30.7,57.7,4.8,0.014776506742768758
18580,"Corpus Christi, TX",4,15-1252,Software Developers,420.0,125550.0,60.36,122980.0,59.13,77230.0,96480.0,150270.0,163840.0,2024,1693.8,1961.4,15.8,115.2,30.7,57.7,4.8,0.014776506742768758
18700,"Corvallis, OR",4,15-1252,Software Developers,370.0,119790.0,57.59,121850.0,58.58,73980.0,93560.0,137090.0,164330.0,2024,1693.8,1961.4,15.8,115.2,30.7,57.7,4.8,0.014776506742768758
18880,"Crestview-Fort Walton Beach-Destin, FL",4,15-1252,Software Developers,1200.0,126890.0,61.0,127650.0,61.37,78350.0,100340.0,160510.0,171250.0,2024,1693.8,1961.4,15.8,115.2,30.7,57.7,4.8,0.014776506742768758
19100,"Dallas-Fort Worth-Arlington, TX",4,15-1252,Software Developers,63430.0,135190.0,64.99,131490.0,63.22,81600.0,103730.0,162300.0,173230.0,2024,1693.8,1961.4,15.8,115.2,30.7,57.7,4.8,0.014776506742768758
19140,"Dalton, GA",4,15-1252,Software Developers,250.0,103180.0,49.61,102480.0,49.27,48100.0,75400.0,122430.0,154210.0,2024,1693.8,1961.4,15.8,115.2,30.7,57.7,4.8,0.014776506742768758
19300,"Daphne-Fairhope-Foley, AL",4,15-1252,Software Developers,260.0,114820.0,55.2,112830.0,54.25,52450.0,77670.0,154950.0,193460.0,2024,1693.8,1961.4,15.8,115.2,30.7,57.7,4.8,0.014776506742768758
19340,"Davenport-Moline-Rock Island, IA-IL",4,15-1252,Software Developers,1160.0,113960.0,54.79,110070.0,52.92,75780.0,98660.0,131040.0,157290.0,2024,1693.8,1961.4,15.8,115.2,30.7,57.7,4.8,0.014776506742768758
19430,"Dayton-Kettering-Beavercreek, OH",4,15-1252,Software Developers,3640.0,113820.0,54.72,104350.0,50.17,74720.0,83320.0,131320.0,164020.0,2024,1693.8,1961.4,15.8,115.2,30.7,57.7,4.8,0.014776506742768758
19460,"Decatur, AL",4,15-1252,Software Developers,140.0,110350.0,53.05,105830.0,50.88,60040.0,79130.0,130920.0,165240.0,2024,1693.8,1961.4,15.8,115.2,30.7,57.7,4.8,0.014776506742768758
19500,"Decatur, IL",4,15-1252,Software Developers,70.0,115020.0,55.3,108320.0,52.08,68340.0,82560.0,137770.0,160530.0,2024,1693.8,1961.4,15.8,115.2,30.7,57.7,4.8,0.014776506742768758
19660,"Deltona-Daytona Beach-Ormond Beach, FL",4,15-1252,Software Developers,690.0,123070.0,59.17,118660.0,57.05,74130.0,94180.0,153700.0,177780.0,2024,1693.8,1961.4,15.8,115.2,30.7,57.7,4.8,0.014776506742768758
19780,"Des Moines-West Des Moines, IA",4,15-1252,Software Developers,4750.0,119860.0,57.62,124630.0,59.92,74560.0,99410.0,135360.0,170040.0,2024,1693.8,1961.4,15.8,115.2,30.7,57.7,4.8,0.014776506742768758
19820,"Detroit-Warren-Dearborn, MI",4,15-1252,Software Developers,21670.0,120520.0,57.94,124780.0,59.99,79230.0,98110.0,135830.0,164900.0,2024,1693.8,1961.4,15.8,115.2,30.7,57.7,4.8,0.014776506742768758
20020,"Dothan, AL",4,15-1252,Software Developers,90.0,111460.0,53.59,100810.0,48.46,60950.0,76200.0,128470.0,194770.0,2024,1693.8,1961.4,15.8,115.2,30.7,57.7,4.8,0.014776506742768758
20100,"Dover, DE",4,15-1252,Software Developers,360.0,125090.0,60.14,119200.0,57.31,81890.0,98750.0,149240.0,191330.0,2024,1693.8,1961.4,15.8,115.2,30.7,57.7,4.8,0.014776506742768758
20220,"Dubuque, IA",4,15-1252,Software Developers,420.0,109920.0,52.85,101110.0,48.61,72440.0,86330.0,129230.0,161620.0,2024,1693.8,1961.4,15.8,115.2,30.7,57.7,4.8,0.014776506742768758
20260,"Duluth, MN-WI",4,15-1252,Software Developers,490.0,106430.0,51.17,100530.0,48.33,62700.0,82110.0,119860.0,152810.0,2024,1693.8,1961.4,15.8,115.2,30.7,57.7,4.8,0.014776506742768758
20500,"Durham-Chapel Hill, NC",4,15-1252,Software Developers,8610.0,139450.0,67.05,131980.0,63.45,87170.0,109110.0,156220.0,191080.0,2024,1693.8,1961.4,15.8,115.2,30.7,57.7,4.8,0.014776506742768758
20740,"Eau Claire, WI",4,15-1252,Software Developers,490.0,113080.0,54.37,101550.0,48.82,70580.0,82280.0,127440.0,171960.0,2024,1693.8,1961.4,15.8,115.2,30.7,57.7,4.8,0.014776506742768758
21060,"Elizabethtown, KY",4,15-1252,Software Developers,220.0,102150.0,49.11,93080.0,44.75,60230.0,76430.0,125040.0,150520.0,2024,1693.8,1961.4,15.8,115.2,30.7,57.7,4.8,0.014776506742768758
21140,"Elkhart-Goshen, IN",4,15-1252,Software Developers,170.0,101940.0,49.01,99050.0,47.62,65190.0,78860.0,121960.0,151300.0,2024,1693.8,1961.4,15.8,115.2,30.7,57.7,4.8,0.014776506742768758
21300,"Elmira, NY",4,15-1252,Software Developers,100.0,110300.0,53.03,102690.0,49.37,73040.0,83550.0,131780.0,169050.0,2024,1693.8,1961.4,15.8,115.2,30.7,57.7,4.8,0.014776506742768758
21340,"El Paso, TX",4,15-1252,Software Developers,1300.0,117160.0,56.33,121160.0,58.25,70510.0,86360.0,132410.0,163620.0,2024,1693.8,1961.4,15.8,115.2,30.7,57.7,4.8,0.014776506742768758
21420,"Enid, OK",4,15-1252,Software Developers,40.0,100800.0,48.46,91010.0,43.76,59420.0,73190.0,124930.0,141630.0,2024,1693.8,1961.4,15.8,115.2,30.7,57.7,4.8,0.014776506742768758
21500,"Erie, PA",4,15-1252,Software Developers,360.0,101070.0,48.59,98480.0,47.34,61610.0,79690.0,125510.0,132060.0,2024,1693.8,1961.4,15.8,115.2,30.7,57.7,4.8,0.014776506742768758
21660,"Eugene-Springfield, OR",4,15-1252,Software Developers,820.0,123770.0,59.5,120790.0,58.07,78110.0,97440.0,149860.0,167930.0,2024,1693.8,1961.4,15.8,115.2,30.7,57.7,4.8,0.014776506742768758
21780,"Evansville, IN",4,15-1252,Software Developers,280.0,99350.0,47.76,94290.0,45.33,62030.0,75310.0,119990.0,147980.0,2024,1693.8,1961.4,15.8,115.2,30.7,57.7,4.8,0.014776506742768758
21820,"Fairbanks-College, AK",4,15-1252,Software Developers,60.0,115440.0,55.5,98200.0,47.21,93040.0,93040.0,122340.0,172790.0,2024,1693.8,1961.4,15.8,115.2,30.7,57.7,4.8,0.014776506742768758
22020,"Fargo, ND-MN",4,15-1252,Software Developers,900.0,106860.0,51.38,103030.0,49.53,63140.0,82680.0,124350.0,155410.0,2024,1693.8,1961.4,15.8,115.2,30.7,57.7,4.8,0.014776506742768758
22140,"Farmington, NM",4,15-1252,Software Developers,60.0,111600.0,53.65,98470.0,47.34,59130.0,82250.0,134990.0,170650.0,2024,1693.8,1961.4,15.8,115.2,30.7,57.7,4.8,0.014776506742768758
22180,"Fayetteville, NC",4,15-1252,Software Developers,380.0,119770.0,57.58,121850.0,58.58,76200.0,93930.0,135720.0,162100.0,2024,1693.8,1961.4,15.8,115.2,30.7,57.7,4.8,0.014776506742768758
22220,"Fayetteville-Springdale-Rogers, AR",4,15-1252,Software Developers,2010.0,102470.0,49.26,102030.0,49.05,60300.0,79080.0,124150.0,153380.0,2024,1693.8,1961.4,15.8,115.2,30.7,57.7,4.8,0.014776506742768758
22380,"Flagstaff, AZ",4,15-1252,Software Developers,90.0,120840.0,58.1,112550.0,54.11,63770.0,90750.0,149990.0,189330.0,2024,1693.8,1961.4,15.8,115.2,30.7,57.7,4.8,0.014776506742768758
22420,"Flint, MI",4,15-1252,Software Developers,260.0,106260.0,51.09,96900.0,46.59,65660.0,80740.0,124840.0,146370.0,2024,1693.8,1961.4,15.8,115.2,30.7,57.7,4.8,0.014776506742768758
22500,"Florence, SC",4,15-1252,Software Developers,240.0,107810.0,51.83,103630.0,49.82,65870.0,82000.0,129340.0,160320.0,2024,1693.8,1961.4,15.8,115.2,30.7,57.7,4.8,0.014776506742768758
22520,"Florence-Muscle Shoals, AL",4,15-1252,Software Developers,90.0,102270.0,49.17,88380.0,42.49,47740.0,72840.0,132700.0,177630.0,2024,1693.8,1961.4,15.8,115.2,30.7,57.7,4.8,0.014776506742768758
22540,"Fond du Lac, WI",4,15-1252,Software Developers,150.0,107200.0,51.54,104300.0,50.15,72850.0,85280.0,126230.0,132880.0,2024,1693.8,1961.4,15.8,115.2,30.7,57.7,4.8,0.014776506742768758
22900,"Fort Smith, AR-OK",4,15-1252,Software Developers,180.0,91420.0,43.95,94440.0,45.4,51310.0,62560.0,111730.0,129840.0,2024,1693.8,1961.4,15.8,115.2,30.7,57.7,4.8,0.014776506742768758
23060,"Fort Wayne, IN",4,15-1252,Software Developers,910.0,106180.0,51.05,102280.0,49.17,64070.0,79580.0,129830.0,154130.0,2024,1693.8,1961.4,15.8,115.2,30.7,57.7,4.8,0.014776506742768758
23420,"Fresno, CA",4,15-1252,Software Developers,650.0,128040.0,61.56,126290.0,60.72,76260.0,99720.0,156750.0,176000.0,2024,1693.8,1961.4,15.8,115.2,30.7,57.7,4.8,0.014776506742768758
23540,"Gainesville, FL",4,15-1252,Software Developers,830.0,102050.0,49.06,95920.0,46.12,57830.0,68890.0,128470.0,159940.0,2024,1693.8,1961.4,15.8,115.2,30.7,57.7,4.8,0.014776506742768758
23580,"Gainesville, GA",4,15-1252,Software Developers,250.0,123660.0,59.45,124960.0,60.08,77690.0,98240.0,148860.0,170850.0,2024,1693.8,1961.4,15.8,115.2,30.7,57.7,4.8,0.014776506742768758
23900,"Gettysburg, PA",4,15-1252,Software Developers,30.0,115610.0,55.58,105450.0,50.7,66120.0,80220.0,133160.0,169660.0,2024,1693.8,1961.4,15.8,115.2,30.7,57.7,4.8,0.014776506742768758
24020,"Glens Falls, NY",4,15-1252,Software Developers,170.0,,,,,,,,,2024,1693.8,1961.4,15.8,115.2,30.7,57.7,4.8,0.014776506742768758
24140,"Goldsboro, NC",4,15-1252,Software Developers,80.0,113300.0,54.47,100040.0,48.1,59160.0,76040.0,130630.0,196600.0,2024,1693.8,1961.4,15.8,115.2,30.7,57.7,4.8,0.014776506742768758
24220,"Grand Forks, ND-MN",4,15-1252,Software Developers,150.0,96990.0,46.63,89530.0,43.04,59850.0,72960.0,119660.0,139720.0,2024,1693.8,1961.4,15.8,115.2,30.7,57.7,4.8,0.014776506742768758
24260,"Grand Island, NE",4,15-1252,Software Developers,70.0,99810.0,47.99,101400.0,48.75,57000.0,73170.0,126520.0,140180.0,2024,1693.8,1961.4,15.8,115.2,30.7,57.7,4.8,0.014776506742768758
24340,"Grand Rapids-Wyoming-Kentwood, MI",4,15-1252,Software Developers,3570.0,109330.0,52.56,103970.0,49.98,66790.0,81940.0,129250.0,154690.0,2024,1693.8,1961.4,15.8,115.2,30.7,57.7,4.8,0.014776506742768758
24420,"Grants Pass, OR",4,15-1252,Software Developers,60.0,131490.0,63.22,128440.0,61.75,79800.0,99240.0,159250.0,177840.0,2024,1693.8,1961.4,15.8,115.2,30.7,57.7,4.8,0.014776506742768758
24500,"Great Falls, MT",4,15-1252,Software Developers,30.0,116820.0,56.17,97470.0,46.86,56430.0,74380.0,167670.0,184990.0,2024,1693.8,1961.4,15.8,115.2,30.7,57.7,4.8,0.014776506742768758
24580,"Green Bay, WI",4,15-1252,Software Developers,870.0,107000.0,51.44,101610.0,48.85,68620.0,81070.0,124590.0,145600.0,2024,1693.8,1961.4,15.8,115.2,30.7,57.7,4.8,0.014776506742768758
24660,"Greensboro-High Point, NC",4,15-1252,Software Developers,1580.0,120970.0,58.16,122900.0,59.09,75350.0,98220.0,141980.0,162510.0,2024,1693.8,1961.4,15.8,115.2,30.7,57.7,4.8,0.014776506742768758
24780,"Greenville, NC",4,15-1252,Software Developers,270.0,113070.0,54.36,107960.0,51.91,59400.0,83140.0,132280.0,162140.0,2024,1693.8,1961.4,15.8,115.2,30.7,57.7,4.8,0.014776506742768758
24860,"Greenville-Anderson-Greer, SC",4,15-1252,Software Developers,1850.0,111440.0,53.58,102730.0,49.39,61990.0,77420.0,133290.0,169350.0,2024,1693.8,1961.4,15.8,115.2,30.7,57.7,4.8,0.014776506742768758
25060,"Gulfport-Biloxi, MS",4,15-1252,Software Developers,370.0,96280.0,46.29,99750.0,47.96,43450.0,63250.0,125300.0,153390.0,2024,1693.8,1961.4,15.8,115.2,30.7,57.7,4.8,0.014776506742768758
25180,"Hagerstown-Martinsburg, MD-WV",4,15-1252,Software Developers,660.0,121940.0,58.63,122560.0,58.92,69850.0,92000.0,131930.0,172830.0,2024,1693.8,1961.4,15.8,115.2,30.7,57.7,4.8,0.014776506742768758
25220,"Hammond, LA",4,15-1252,Software Developers,70.0,108280.0,52.06,101520.0,48.81,70360.0,82160.0,122780.0,152630.0,2024,1693.8,1961.4,15.8,115.2,30.7,57.7,4.8,0.014776506742768758
25420,"Harrisburg-Carlisle, PA",4,15-1252,Software Developers,2120.0,111850.0,53.77,106690.0,51.29,73840.0,87980.0,128650.0,157690.0,2024,1693.8,1961.4,15.8,115.2,30.7,57.7,4.8,0.014776506742768758
25500,"Harrisonburg, VA",4,15-1252,Software Developers,230.0,109900.0,52.84,99900.0,48.03,65940.0,81190.0,127660.0,168010.0,2024,1693.8,1961.4,15.8,115.2,30.7,57.7,4.8,0.014776506742768758
25540,"Hartford-West Hartford-East Hartford, CT",4,15-1252,Software Developers,7300.0,127160.0,61.13,128870.0,61.96,77850.0,102140.0,149320.0,171430.0,2024,1693.8,1961.4,15.8,115.2,30.7,57.7,4.8,0.014776506742768758
25620,"Hattiesburg, MS",4,15-1252,Software Developers,90.0,68730.0,33.04,58390.0,28.07,42680.0,51890.0,79890.0,105650.0,2024,1693.8,1961.4,15.8,115.2,30.7,57.7,4.8,0.014776506742768758
25740,"Helena, MT",4,15-1252,Software Developers,350.0,113560.0,54.59,97470.0,46.86,64570.0,78010.0,131860.0,216560.0,2024,1693.8,1961.4,15.8,115.2,30.7,57.7,4.8,0.014776506742768758
25860,"Hickory-Lenoir-Morganton, NC",4,15-1252,Software Developers,360.0,130880.0,62.93,121590.0,58.46,71230.0,86490.0,148520.0,197390.0,2024,1693.8,1961.4,15.8,115.2,30.7,57.7,4.8,0.014776506742768758
25940,"Hilton Head Island-Bluffton-Port Royal, SC",4,15-1252,Software Developers,280.0,140570.0,67.58,125460.0,60.32,42750.0,77000.0,187350.0,220400.0,2024,1693.8,1961.4,15.8,115.2,30.7,57.7,4.8,0.014776506742768758
26140,"Homosassa Springs, FL",4,15-1252,Software Developers,70.0,123010.0,59.14,118160.0,56.81,74190.0,98940.0,142090.0,173220.0,2024,1693.8,1961.4,15.8,115.2,30.7,57.7,4.8,0.014776506742768758
26300,"Hot Springs, AR",4,15-1252,Software Developers,40.0,100220.0,48.19,103510.0,49.76,55450.0,63370.0,115190.0,152630.0,2024,1693.8,1961.4,15.8,115.2,30.7,57.7,4.8,0.014776506742768758
26380,"Houma-Bayou Cane-Thibodaux, LA",4,15-1252,Software Developers,60.0,106940.0,51.41,101100.0,48.61,74110.0,83160.0,124180.0,146740.0,2024,1693.8,1961.4,15.8,115.2,30.7,57.7,4.8,0.014776506742768758
26420,"Houston-Pasadena-The Woodlands, TX",4,15-1252,Software Developers,20830.0,128060.0,61.57,127940.0,61.51,78170.0,97740.0,156960.0,174600.0,2024,1693.8,1961.4,15.8,115.2,30.7,57.7,4.8,0.014776506742768758
26580,"Huntington-Ashland, WV-KY-OH",4,15-1252,Software Developers,170.0,101400.0,48.75,96450.0,46.37,59850.0,74210.0,124540.0,152690.0,2024,1693.8,1961.4,15.8,115.2,30.7,57.7,4.8,0.014776506742768758
26620,"Huntsville, AL",4,15-1252,Software Developers,7010.0,123930.0,59.58,121320.0,58.33,76180.0,91820.0,161380.0,182880.0,2024,1693.8,1961.4,15.8,115.2,30.7,57.7,4.8,0.014776506742768758
26820,"Idaho Falls, ID",4,15-1252,Software Developers,560.0,122510.0,58.9,100660.0,48.39,57910.0,77830.0,132720.0,218570.0,2024,1693.8,1961.4,15.8,115.2,30.7,57.7,4.8,0.014776506742768758
26900,"Indianapolis-Carmel-Greenwood, IN",4,15-1252,Software Developers,6340.0,112680.0,54.17,105990.0,50.96,75480.0,87940.0,132100.0,158330.0,2024,1693.8,1961.4,15.8,115.2,30.7,57.7,4.8,0.014776506742768758
26980,"Iowa City, IA",4,15-1252,Software Developers,750.0,108430.0,52.13,104950.0,50.46,69980.0,89300.0,121890.0,166930.0,2024,1693.8,1961.4,15.8,115.2,30.7,57.7,4.8,0.014776506742768758
27060,"Ithaca, NY",4,15-1252,Software Developers,370.0,126350.0,60.75,105000.0,50.48,64920.0,80700.0,138840.0,172500.0,2024,1693.8,1961.4,15.8,115.2,30.7,57.7,4.8,0.014776506742768758
27100,"Jackson, MI",4,15-1252,Software Developers,250.0,120160.0,57.77,120840.0,58.1,74610.0,87390.0,141740.0,173430.0,2024,1693.8,1961.4,15.8,115.2,30.7,57.7,4.8,0.014776506742768758
27140,"Jackson, MS",4,15-1252,Software Developers,760.0,98140.0,47.18,98470.0,47.34,50240.0,65740.0,129220.0,137440.0,2024,1693.8,1961.4,15.8,115.2,30.7,57.7,4.8,0.014776506742768758
27180,"Jackson, TN",4,15-1252,Software Developers,120.0,105350.0,50.65,94350.0,45.36,59340.0,77410.0,128530.0,164080.0,2024,1693.8,1961.4,15.8,115.2,30.7,57.7,4.8,0.014776506742768758
27260,"Jacksonville, FL",4,15-1252,Software Developers,6270.0,129410.0,62.22,125320.0,60.25,74000.0,92160.0,153230.0,169150.0,2024,1693.8,1961.4,15.8,115.2,30.7,57.7,4.8,0.014776506742768758
27340,"Jacksonville, NC",4,15-1252,Software Developers,90.0,121320.0,58.33,125530.0,60.35,66090.0,92030.0,154260.0,172680.0,2024,1693.8,1961.4,15.8,115.2,30.7,57.7,4.8,0.014776506742768758
27500,"Janesville-Beloit, WI",4,15-1252,Software Developers,270.0,104920.0,50.44,98970.0,47.58,59370.0,79030.0,124730.0,159440.0,2024,1693.8,1961.4,15.8,115.2,30.7,57.7,4.8,0.014776506742768758
27620,"Jefferson City, MO",4,15-1252,Software Developers,250.0,102670.0,49.36,99740.0,47.95,58060.0,73800.0,126820.0,155580.0,2024,1693.8,1961.4,15.8,115.2,30.7,57.7,4.8,0.014776506742768758
27740,"Johnson City, TN",4,15-1252,Software Developers,270.0,92040.0,44.25,80890.0,38.89,53500.0,66440.0,115350.0,134260.0,2024,1693.8,1961.4,15.8,115.2,30.7,57.7,4.8,0.014776506742768758
27780,"Johnstown, PA",4,15-1252,Software Developers,110.0,102040.0,49.06,97160.0,46.71,60700.0,73910.0,118010.0,153780.0,2024,1693.8,1961.4,15.8,115.2,30.7,57.7,4.8,0.014776506742768758
27860,"Jonesboro, AR",4,15-1252,Software Developers,150.0,91420.0,43.95,82160.0,39.5,59930.0,63030.0,104980.0,132990.0,2024,1693.8,1961.4,15.8,115.2,30.7,57.7,4.8,0.014776506742768758
27900,"Joplin, MO-KS",4,15-1252,Software Developers,130.0,109040.0,52.42,112620.0,54.14,61690.0,81400.0,129010.0,149200.0,2024,1693.8,1961.4,15.8,115.2,30.7,57.7,4.8,0.014776506742768758
27980,"Kahului-Wailuku, HI",4,15-1252,Software Developers,120.0,155390.0,74.71,139650.0,67.14,62560.0,92170.0,199260.0,,2024,1693.8,1961.4,15.8,115.2,30.7,57.7,4.8,0.014776506742768758
28020,"Kalamazoo-Portage, MI",4,15-1252,Software Developers,400.0,111740.0,53.72,104730.0,50.35,75570.0,84530.0,127570.0,156730.0,2024,1693.8,1961.4,15.8,115.2,30.7,57.7,4.8,0.014776506742768758
28100,"Kankakee, IL",4,15-1252,Software Developers,70.0,116640.0,56.08,121770.0,58.54,71340.0,81430.0,134090.0,169820.0,2024,1693.8,1961.4,15.8,115.2,30.7,57.7,4.8,0.014776506742768758
28140,"Kansas City, MO-KS",4,15-1252,Software Developers,13940.0,115530.0,55.54,114440.0,55.02,71230.0,83930.0,134210.0,163650.0,2024,1693.8,1961.4,15.8,115.2,30.7,57.7,4.8,0.014776506742768758
28420,"Kennewick-Richland, WA",4,15-1252,Software Developers,610.0,137610.0,66.16,132160.0,63.54,89490.0,105650.0,166960.0,186180.0,2024,1693.8,1961.4,15.8,115.2,30.7,57.7,4.8,0.014776506742768758
28450,"Kenosha, WI",4,15-1252,Software Developers,360.0,119460.0,57.43,106070.0,51.0,62870.0,81800.0,132500.0,174680.0,2024,1693.8,1961.4,15.8,115.2,30.7,57.7,4.8,0.014776506742768758
28660,"Killeen-Temple, TX",4,15-1252,Software Developers,480.0,119080.0,57.25,120940.0,58.14,72810.0,90940.0,134780.0,161890.0,2024,1693.8,1961.4,15.8,115.2,30.7,57.7,4.8,0.014776506742768758
28700,"Kingsport-Bristol, TN-VA",4,15-1252,Software Developers,440.0,117550.0,56.51,114540.0,55.07,74220.0,92930.0,147180.0,170530.0,2024,1693.8,1961.4,15.8,115.2,30.7,57.7,4.8,0.014776506742768758
28740,"Kingston, NY",4,15-1252,Software Developers,180.0,127140.0,61.13,122880.0,59.08,63870.0,91370.0,161360.0,194890.0,2024,1693.8,1961.4,15.8,115.2,30.7,57.7,4.8,0.014776506742768758
28880,"Kiryas Joel-Poughkeepsie-Newburgh, NY",4,15-1252,Software Developers,960.0,142200.0,68.37,134010.0,64.43,79510.0,101230.0,170210.0,210320.0,2024,1693.8,1961.4,15.8,115.2,30.7,57.7,4.8,0.014776506742768758
28940,"Knoxville, TN",4,15-1252,Software Developers,2130.0,116610.0,56.06,113180.0,54.41,73880.0,92530.0,132070.0,164370.0,2024,1693.8,1961.4,15.8,115.2,30.7,57.7,4.8,0.014776506742768758
29020,"Kokomo, IN",4,15-1252,Software Developers,40.0,103610.0,49.81,96340.0,46.32,56800.0,77060.0,126650.0,146030.0,2024,1693.8,1961.4,15.8,115.2,30.7,57.7,4.8,0.014776506742768758
29100,"La Crosse-Onalaska, WI-MN",4,15-1252,Software Developers,380.0,108670.0,52.25,99930.0,48.04,62800.0,79210.0,126330.0,153470.0,2024,1693.8,1961.4,15.8,115.2,30.7,57.7,4.8,0.014776506742768758
29180,"Lafayette, LA",4,15-1252,Software Developers,600.0,98760.0,47.48,100200.0,48.18,65720.0,77380.0,107980.0,131850.0,2024,1693.8,1961.4,15.8,115.2,30.7,57.7,4.8,0.014776506742768758
29200,"Lafayette-West Lafayette, IN",4,15-1252,Software Developers,350.0,95040.0,45.69,85900.0,41.3,66210.0,76180.0,106660.0,131120.0,2024,1693.8,1961.4,15.8,115.2,30.7,57.7,4.8,0.014776506742768758
29340,"Lake Charles, LA",4,15-1252,Software Developers,40.0,114890.0,55.23,102940.0,49.49,79190.0,86060.0,140830.0,158080.0,2024,1693.8,1961.4,15.8,115.2,30.7,57.7,4.8,0.014776506742768758
29420,"Lake Havasu City-Kingman, AZ",4,15-1252,Software Developers,90.0,117920.0,56.69,119200.0,57.31,61570.0,88440.0,147060.0,174520.0,2024,1693.8,1961.4,15.8,115.2,30.7,57.7,4.8,0.014776506742768758
29460,"Lakeland-Winter Haven, FL",4,15-1252,Software Developers,1060.0,119990.0,57.69,121580.0,58.45,74200.0,94960.0,150300.0,163520.0,2024,1693.8,1961.4,15.8,115.2,30.7,57.7,4.8,0.014776506742768758
29540,"Lancaster, PA",4,15-1252,Software Developers,660.0,111060.0,53.4,103530.0,49.78,65070.0,82150.0,128700.0,159990.0,2024,1693.8,1961.4,15.8,115.2,30.7,57.7,4.8,0.014776506742768758
29620,"Lansing-East Lansing, MI",4,15-1252,Software Developers,3110.0,99260.0,47.72,92500.0,44.47,65290.0,79300.0,105770.0,135430.0,2024,1693.8,1961.4,15.8,115.2,30.7,57.7,4.8,0.014776506742768758
29700,"Laredo, TX",4,15-1252,Software Developers,130.0,111430.0,53.57,109830.0,52.8,63230.0,82510.0,128840.0,150480.0,2024,1693.8,1961.4,15.8,115.2,30.7,57.7,4.8,0.014776506742768758
29740,"Las Cruces, NM",4,15-1252,Software Developers,320.0,110420.0,53.09,97900.0,47.07,52230.0,76800.0,132930.0,168970.0,2024,1693.8,1961.4,15.8,115.2,30.7,57.7,4.8,0.014776506742768758
29820,"Las Vegas-Henderson-North Las Vegas, NV",4,15-1252,Software Developers,2980.0,137360.0,66.04,129400.0,62.21,76820.0,95900.0,169680.0,202870.0,2024,1693.8,1961.4,15.8,115.2,30.7,57.7,4.8,0.014776506742768758
29940,"Lawrence, KS",4,15-1252,Software Developers,330.0,112260.0,53.97,104260.0,50.13,59800.0,82210.0,136660.0,168540.0,2024,1693.8,1961.4,15.8,115.2,30.7,57.7,4.8,0.014776506742768758
30020,"Lawton, OK",4,15-1252,Software Developers,110.0,92600.0,44.52,84590.0,40.67,50900.0,61440.0,124230.0,143400.0,2024,1693.8,1961.4,15.8,115.2,30.7,57.7,4.8,0.014776506742768758
30140,"Lebanon, PA",4,15-1252,Software Developers,50.0,110590.0,53.17,106940.0,51.41,72300.0,84240.0,127320.0,156230.0,2024,1693.8,1961.4,15.8,115.2,30.7,57.7,4.8,0.014776506742768758
30300,"Lewiston, ID-WA",4,15-1252,Software Developers,60.0,119090.0,57.26,97910.0,47.07,63060.0,80720.0,141150.0,174620.0,2024,1693.8,1961.4,15.8,115.2,30.7,57.7,4.8,0.014776506742768758
30340,"Lewiston-Auburn, ME",4,15-1252,Software Developers,160.0,114310.0,54.96,105400.0,50.67,74220.0,90050.0,132140.0,162860.0,2024,1693.8,1961.4,15.8,115.2,30.7,57.7,4.8,0.014776506742768758
30460,"Lexington-Fayette, KY",4,15-1252,Software Developers,1330.0,123930.0,59.58,123210.0,59.24,75580.0,91180.0,155220.0,184290.0,2024,1693.8,1961.4,15.8,115.2,30.7,57.7,4.8,0.014776506742768758
30500,"Lexington Park, MD",4,15-1252,Software Developers,730.0,138920.0,66.79,128830.0,61.94,95480.0,100990.0,165540.0,198740.0,2024,1693.8,1961.4,15.8,115.2,30.7,57.7,4.8,0.014776506742768758
30620,"Lima, OH",4,15-1252,Software Developers,150.0,115070.0,55.32,102940.0,49.49,67560.0,89280.0,142090.0,157630.0,2024,1693.8,1961.4,15.8,115.2,30.7,57.7,4.8,0.014776506742768758
30700,"Lincoln, NE",4,15-1252,Software Developers,1670.0,104880.0,50.42,102340.0,49.2,66010.0,80430.0,128450.0,146920.0,2024,1693.8,1961.4,15.8,115.2,30.7,57.7,4.8,0.014776506742768758
30780,"Little Rock-North Little Rock-Conway, AR",4,15-1252,Software Developers,1420.0,101500.0,48.8,101000.0,48.56,57790.0,79470.0,119980.0,141590.0,2024,1693.8,1961.4,15.8,115.2,30.7,57.7,4.8,0.014776506742768758
30860,"Logan, UT-ID",4,15-1252,Software Developers,850.0,108200.0,52.02,99430.0,47.8,62450.0,75820.0,131990.0,164260.0,2024,1693.8,1961.4,15.8,115.2,30.7,57.7,4.8,0.014776506742768758
30980,"Longview, TX",4,15-1252,Software Developers,250.0,108720.0,52.27,104700.0,50.34,67330.0,80230.0,130460.0,151240.0,2024,1693.8,1961.4,15.8,115.2,30.7,57.7,4.8,0.014776506742768758
31020,"Longview-Kelso, WA",4,15-1252,Software Developers,140.0,132620.0,63.76,126800.0,60.96,79160.0,102730.0,158260.0,191560.0,2024,1693.8,1961.4,15.8,115.2,30.7,57.7,4.8,0.014776506742768758
31080,"Los Angeles-Long Beach-Anaheim, CA",4,15-1252,Software Developers,54650.0,157390.0,75.67,155330.0,74.68,93670.0,122940.0,174320.0,210600.0,2024,1693.8,1961.4,15.8,115.2,30.7,57.7,4.8,0.014776506742768758
31140,"Louisville/Jefferson County, KY-IN",4,15-1252,Software Developers,2850.0,112880.0,54.27,106470.0,51.19,74350.0,86770.0,132620.0,158760.0,2024,1693.8,1961.4,15.8,115.2,30.7,57.7,4.8,0.014776506742768758
31180,"Lubbock, TX",4,15-1252,Software Developers,380.0,108790.0,52.3,104800.0,50.39,66170.0,79830.0,127160.0,159180.0,2024,1693.8,1961.4,15.8,115.2,30.7,57.7,4.8,0.014776506742768758
31340,"Lynchburg, VA",4,15-1252,Software Developers,660.0,112680.0,54.17,102530.0,49.29,62700.0,86880.0,135190.0,163060.0,2024,1693.8,1961.4,15.8,115.2,30.7,57.7,4.8,0.014776506742768758
31420,"Macon-Bibb County, GA",4,15-1252,Software Developers,310.0,116780.0,56.14,113680.0,54.65,72540.0,92090.0,138390.0,155210.0,2024,1693.8,1961.4,15.8,115.2,30.7,57.7,4.8,0.014776506742768758
31540,"Madison, WI",4,15-1252,Software Developers,6380.0,114660.0,55.13,104670.0,50.32,79090.0,97460.0,129760.0,157800.0,2024,1693.8,1961.4,15.8,115.2,30.7,57.7,4.8,0.014776506742768758
31700,"Manchester-Nashua, NH",4,15-1252,Software Developers,3740.0,147860.0,71.09,140820.0,67.7,96420.0,120560.0,175640.0,199390.0,2024,1693.8,1961.4,15.8,115.2,30.7,57.7,4.8,0.014776506742768758
31740,"Manhattan, KS",4,15-1252,Software Developers,410.0,102520.0,49.29,99680.0,47.92,60460.0,74560.0,127890.0,154560.0,2024,1693.8,1961.4,15.8,115.2,30.7,57.7,4.8,0.014776506742768758
31860,"Mankato, MN",4,15-1252,Software Developers,150.0,99090.0,47.64,98870.0,47.54,63680.0,74810.0,119780.0,129310.0,2024,1693.8,1961.4,15.8,115.2,30.7,57.7,4.8,0.014776506742768758
31900,"Mansfield, OH",4,15-1252,Software Developers,90.0,103230.0,49.63,94720.0,45.54,56520.0,74370.0,123430.0,162130.0,2024,1693.8,1961.4,15.8,115.2,30.7,57.7,4.8,0.014776506742768758
32580,"McAllen-Edinburg-Mission, TX",4,15-1252,Software Developers,440.0,107450.0,51.66,106910.0,51.4,62600.0,78340.0,132540.0,152830.0,2024,1693.8,1961.4,15.8,115.2,30.7,57.7,4.8,0.014776506742768758
32780,"Medford, OR",4,15-1252,Software Developers,320.0,129740.0,62.37,125860.0,60.51,78890.0,100600.0,153970.0,189170.0,2024,1693.8,1961.4,15.8,115.2,30.7,57.7,4.8,0.014776506742768758
32820,"Memphis, TN-MS-AR",4,15-1252,Software Developers,2500.0,116280.0,55.91,116470.0,56.0,71120.0,93760.0,135590.0,161200.0,2024,1693.8,1961.4,15.8,115.2,30.7,57.7,4.8,0.014776506742768758
32900,"Merced, CA",4,15-1252,Software Developers,60.0,135520.0,65.16,133370.0,64.12,72820.0,101320.0,168720.0,196560.0,2024,1693.8,1961.4,15.8,115.2,30.7,57.7,4.8,0.014776506742768758
33100,"Miami-Fort Lauderdale-West Palm Beach, FL",4,15-1252,Software Developers,17710.0,138520.0,66.6,129840.0,62.43,77470.0,101320.0,161890.0,190320.0,2024,1693.8,1961.4,15.8,115.2,30.7,57.7,4.8,0.014776506742768758
33140,"Michigan City-La Porte, IN",4,15-1252,Software Developers,50.0,100160.0,48.15,95110.0,45.73,68430.0,78890.0,121310.0,145550.0,2024,1693.8,1961.4,15.8,115.2,30.7,57.7,4.8,0.014776506742768758
33220,"Midland, MI",4,15-1252,Software Developers,90.0,116610.0,56.06,120390.0,57.88,77900.0,93150.0,128940.0,155780.0,2024,1693.8,1961.4,15.8,115.2,30.7,57.7,4.8,0.014776506742768758
33260,"Midland, TX",4,15-1252,Software Developers,340.0,128340.0,61.7,127160.0,61.13,79020.0,97920.0,160010.0,167830.0,2024,1693.8,1961.4,15.8,115.2,30.7,57.7,4.8,0.014776506742768758
33340,"Milwaukee-Waukesha, WI",4,15-1252,Software Developers,5710.0,114100.0,54.86,104500.0,50.24,74910.0,90690.0,130600.0,161600.0,2024,1693.8,1961.4,15.8,115.2,30.7,57.7,4.8,0.014776506742768758
33460,"Minneapolis-St. Paul-Bloomington, MN-WI",4,15-1252,Software Developers,29550.0,125980.0,60.57,129430.0,62.22,80740.0,101300.0,155920.0,167350.0,2024,1693.8,1961.4,15.8,115.2,30.7,57.7,4.8,0.014776506742768758
33500,"Minot, ND",4,15-1252,Software Developers,40.0,92600.0,44.52,86970.0,41.81,47350.0,60510.0,122440.0,137010.0,2024,1693.8,1961.4,15.8,115.2,30.7,57.7,4.8,0.014776506742768758
33540,"Missoula, MT",4,15-1252,Software Developers,300.0,108140.0,51.99,96210.0,46.26,62710.0,76260.0,126100.0,164510.0,2024,1693.8,1961.4,15.8,115.2,30.7,57.7,4.8,0.014776506742768758
33660,"Mobile, AL",4,15-1252,Software Developers,950.0,108180.0,52.01,98620.0,47.41,58970.0,76980.0,132060.0,169160.0,2024,1693.8,1961.4,15.8,115.2,30.7,57.7,4.8,0.014776506742768758
33700,"Modesto, CA",4,15-1252,Software Developers,280.0,121180.0,58.26,116180.0,55.86,79360.0,92070.0,141140.0,166070.0,2024,1693.8,1961.4,15.8,115.2,30.7,57.7,4.8,0.014776506742768758
33740,"Monroe, LA",4,15-1252,Software Developers,100.0,108380.0,52.11,103850.0,49.93,57310.0,80370.0,128320.0,155710.0,2024,1693.8,1961.4,15.8,115.2,30.7,57.7,4.8,0.014776506742768758
33780,"Monroe, MI",4,15-1252,Software Developers,100.0,109680.0,52.73,102860.0,49.45,77600.0,83830.0,126280.0,153310.0,2024,1693.8,1961.4,15.8,115.2,30.7,57.7,4.8,0.014776506742768758
33860,"Montgomery, AL",4,15-1252,Software Developers,730.0,107200.0,51.54,95690.0,46.0,60520.0,77060.0,127120.0,170580.0,2024,1693.8,1961.4,15.8,115.2,30.7,57.7,4.8,0.014776506742768758
34060,"Morgantown, WV",4,15-1252,Software Developers,370.0,103700.0,49.86,94630.0,45.5,77240.0,78940.0,123200.0,164530.0,2024,1693.8,1961.4,15.8,115.2,30.7,57.7,4.8,0.014776506742768758
34100,"Morristown, TN",4,15-1252,Software Developers,60.0,107620.0,51.74,99950.0,48.05,61300.0,79780.0,133760.0,154510.0,2024,1693.8,1961.4,15.8,115.2,30.7,57.7,4.8,0.014776506742768758
34580,"Mount Vernon-Anacortes, WA",4,15-1252,Software Developers,230.0,128290.0,61.68,118040.0,56.75,79810.0,100140.0,141680.0,204790.0,2024,1693.8,1961.4,15.8,115.2,30.7,57.7,4.8,0.014776506742768758
34620,"Muncie, IN",4,15-1252,Software Developers,130.0,96860.0,46.57,96930.0,46.6,63110.0,77330.0,110430.0,142870.0,2024,1693.8,1961.4,15.8,115.2,30.7,57.7,4.8,0.014776506742768758
34740,"Muskegon-Norton Shores, MI",4,15-1252,Software Developers,110.0,101660.0,48.87,94960.0,45.66,60040.0,75740.0,124840.0,155130.0,2024,1693.8,1961.4,15.8,115.2,30.7,57.7,4.8,0.014776506742768758
34820,"Myrtle Beach-Conway-North Myrtle Beach, SC",4,15-1252,Software Developers,370.0,108460.0,52.14,95060.0,45.7,50930.0,66170.0,144030.0,181420.0,2024,1693.8,1961.4,15.8,115.2,30.7,57.7,4.8,0.014776506742768758
34900,"Napa, CA",4,15-1252,Software Developers,120.0,139660.0,67.14,131050.0,63.01,77250.0,109230.0,164170.0,198210.0,2024,1693.8,1961.4,15.8,115.2,30.7,57.7,4.8,0.014776506742768758
34940,"Naples-Marco Island, FL",4,15-1252,Software Developers,530.0,133200.0,64.04,128010.0,61.54,76630.0,101310.0,162370.0,179310.0,2024,1693.8,1961.4,15.8,115.2,30.7,57.7,4.8,0.014776506742768758
34980,"Nashville-Davidson--Murfreesboro--Franklin, TN",4,15-1252,Software Developers,8420.0,122310.0,58.8,127150.0,61.13,76690.0,99420.0,136980.0,164980.0,2024,1693.8,1961.4,15.8,115.2,30.7,57.7,4.8,0.014776506742768758
35300,"New Haven, CT",4,15-1252,Software Developers,1350.0,126780.0,60.95,123400.0,59.33,80200.0,101020.0,156260.0,167520.0,2024,1693.8,1961.4,15.8,115.2,30.7,57.7,4.8,0.014776506742768758
35380,"New Orleans-Metairie, LA",4,15-1252,Software Developers,740.0,133450.0,64.16,112450.0,54.06,74990.0,90720.0,134880.0,168940.0,2024,1693.8,1961.4,15.8,115.2,30.7,57.7,4.8,0.014776506742768758
35620,"New York-Newark-Jersey City, NY-NJ",4,15-1252,Software Developers,119610.0,161090.0,77.45,161970.0,77.87,97420.0,126140.0,190320.0,220780.0,2024,1693.8,1961.4,15.8,115.2,30.7,57.7,4.8,0.014776506742768758
35660,"Niles, MI",4,15-1252,Software Developers,170.0,110640.0,53.19,108180.0,52.01,69360.0,87340.0,126980.0,156480.0,2024,1693.8,1961.4,15.8,115.2,30.7,57.7,4.8,0.014776506742768758
35840,"North Port-Bradenton-Sarasota, FL",4,15-1252,Software Developers,1900.0,130840.0,62.91,131700.0,63.32,67960.0,100770.0,156520.0,183700.0,2024,1693.8,1961.4,15.8,115.2,30.7,57.7,4.8,0.014776506742768758
35980,"Norwich-New London-Willimantic, CT",4,15-1252,Software Developers,920.0,121380.0,58.36,110850.0,53.29,83560.0,83560.0,136720.0,166200.0,2024,1693.8,1961.4,15.8,115.2,30.7,57.7,4.8,0.014776506742768758
36100,"Ocala, FL",4,15-1252,Software Developers,400.0,119100.0,57.26,108590.0,52.21,65200.0,92470.0,148540.0,181710.0,2024,1693.8,1961.4,15.8,115.2,30.7,57.7,4.8,0.014776506742768758
36220,"Odessa, TX",4,15-1252,Software Developers,90.0,119440.0,57.42,118490.0,56.97,73080.0,85440.0,126940.0,168200.0,2024,1693.8,1961.4,15.8,115.2,30.7,57.7,4.8,0.014776506742768758
36260,"Ogden, UT",4,15-1252,Software Developers,3130.0,118160.0,56.81,106770.0,51.33,65520.0,84440.0,139480.0,176040.0,2024,1693.8,1961.4,15.8,115.2,30.7,57.7,4.8,0.014776506742768758
36420,"Oklahoma City, OK",4,15-1252,Software Developers,3740.0,112090.0,53.89,107420.0,51.65,66210.0,83070.0,136240.0,163120.0,2024,1693.8,1961.4,15.8,115.2,30.7,57.7,4.8,0.014776506742768758
36500,"Olympia-Lacey-Tumwater, WA",4,15-1252,Software Developers,1970.0,128710.0,61.88,122460.0,58.87,88440.0,103960.0,139430.0,178080.0,2024,1693.8,1961.4,15.8,115.2,30.7,57.7,4.8,0.014776506742768758
36540,"Omaha, NE-IA",4,15-1252,Software Developers,4410.0,118340.0,56.9,116820.0,56.16,79930.0,99900.0,139310.0,159830.0,2024,1693.8,1961.4,15.8,115.2,30.7,57.7,4.8,0.014776506742768758
36740,"Orlando-Kissimmee-Sanford, FL",4,15-1252,Software Developers,13640.0,121350.0,58.34,123060.0,59.17,74910.0,96940.0,151190.0,169640.0,2024,1693.8,1961.4,15.8,115.2,30.7,57.7,4.8,0.014776506742768758
36780,"Oshkosh-Neenah, WI",4,15-1252,Software Developers,580.0,110830.0,53.28,105620.0,50.78,74480.0,86590.0,127020.0,157960.0,2024,1693.8,1961.4,15.8,115.2,30.7,57.7,4.8,0.014776506742768758
36980,"Owensboro, KY",4,15-1252,Software Developers,50.0,104570.0,50.27,96340.0,46.32,60110.0,74460.0,128870.0,139550.0,2024,1693.8,1961.4,15.8,115.2,30.7,57.7,4.8,0.014776506742768758
37100,"Oxnard-Thousand Oaks-Ventura, CA",4,15-1252,Software Developers,2420.0,175170.0,84.22,138480.0,66.58,85810.0,112260.0,166660.0,,2024,1693.8,1961.4,15.8,115.2,30.7,57.7,4.8,0.014776506742768758
37140,"Paducah, KY-IL",4,15-1252,Software Developers,140.0,110900.0,53.32,104620.0,50.3,61290.0,84030.0,136890.0,151550.0,2024,1693.8,1961.4,15.8,115.2,30.7,57.7,4.8,0.014776506742768758
37340,"Palm Bay-Melbourne-Titusville, FL",4,15-1252,Software Developers,4770.0,126890.0,61.0,127980.0,61.53,79910.0,98980.0,158910.0,173820.0,2024,1693.8,1961.4,15.8,115.2,30.7,57.7,4.8,0.014776506742768758
37460,"Panama City-Panama City Beach, FL",4,15-1252,Software Developers,330.0,117750.0,56.61,117270.0,56.38,66820.0,83890.0,146370.0,163880.0,2024,1693.8,1961.4,15.8,115.2,30.7,57.7,4.8,0.014776506742768758
37860,"Pensacola-Ferry Pass-Brent, FL",4,15-1252,Software Developers,770.0,115590.0,55.57,103520.0,49.77,63160.0,80050.0,143980.0,175280.0,2024,1693.8,1961.4,15.8,115.2,30.7,57.7,4.8,0.014776506742768758
37900,"Peoria, IL",4,15-1252,Software Developers,650.0,110360.0,53.06,104330.0,50.16,72530.0,83970.0,130200.0,149730.0,2024,1693.8,1961.4,15.8,115.2,30.7,57.7,4.8,0.014776506742768758
37980,"Philadelphia-Camden-Wilmington, PA-NJ-DE-MD",4,15-1252,Software Developers,26150.0,131820.0,63.38,130670.0,62.82,81500.0,101450.0,161030.0,174980.0,2024,1693.8,1961.4,15.8,115.2,30.7,57.7,4.8,0.014776506742768758
38060,"Phoenix-Mesa-Chandler, AZ",4,15-1252,Software Developers,26950.0,134730.0,64.78,129600.0,62.31,80590.0,101930.0,158790.0,182450.0,2024,1693.8,1961.4,15.8,115.2,30.7,57.7,4.8,0.014776506742768758
38240,"Pinehurst-Southern Pines, NC",4,15-1252,Software Developers,90.0,111630.0,53.67,107330.0,51.6,54990.0,76940.0,137320.0,162390.0,2024,1693.8,1961.4,15.8,115.2,30.7,57.7,4.8,0.014776506742768758
38300,"Pittsburgh, PA",4,15-1252,Software Developers,8820.0,119690.0,57.54,122350.0,58.82,71700.0,91100.0,136660.0,167120.0,2024,1693.8,1961.4,15.8,115.2,30.7,57.7,4.8,0.014776506742768758
38340,"Pittsfield, MA",4,15-1252,Software Developers,310.0,144070.0,69.27,132760.0,63.83,90090.0,98850.0,172280.0,213000.0,2024,1693.8,1961.4,15.8,115.2,30.7,57.7,4.8,0.014776506742768758
38540,"Pocatello, ID",4,15-1252,Software Developers,80.0,127380.0,61.24,99770.0,47.97,60460.0,77290.0,132270.0,162560.0,2024,1693.8,1961.4,15.8,115.2,30.7,57.7,4.8,0.014776506742768758
38660,"Ponce, PR",4,15-1252,Software Developers,30.0,47160.0,22.67,29440.0,14.16,27790.0,27790.0,67010.0,81110.0,2024,1693.8,1961.4,15.8,115.2,30.7,57.7,4.8,0.014776506742768758
38860,"Portland-South Portland, ME",4,15-1252,Software Developers,1430.0,122340.0,58.82,124680.0,59.94,79770.0,97030.0,147690.0,170620.0,2024,1693.8,1961.4,15.8,115.2,30.7,57.7,4.8,0.014776506742768758
38900,"Portland-Vancouver-Hillsboro, OR-WA",4,15-1252,Software Developers,16620.0,153120.0,73.62,149010.0,71.64,95900.0,122550.0,170700.0,211750.0,2024,1693.8,1961.4,15.8,115.2,30.7,57.7,4.8,0.014776506742768758
38940,"Port St. Lucie, FL",4,15-1252,Software Developers,410.0,127600.0,61.35,126670.0,60.9,64950.0,95060.0,161690.0,195320.0,2024,1693.8,1961.4,15.8,115.2,30.7,57.7,4.8,0.014776506742768758
39150,"Prescott Valley-Prescott, AZ",4,15-1252,Software Developers,170.0,127280.0,61.19,123410.0,59.33,66760.0,93010.0,160620.0,193060.0,2024,1693.8,1961.4,15.8,115.2,30.7,57.7,4.8,0.014776506742768758
39300,"Providence-Warwick, RI-MA",4,15-1252,Software Developers,5880.0,128780.0,61.91,132010.0,63.47,82670.0,99710.0,141760.0,172750.0,2024,1693.8,1961.4,15.8,115.2,30.7,57.7,4.8,0.014776506742768758
39340,"Provo-Orem-Lehi, UT",4,15-1252,Software Developers,7120.0,128920.0,61.98,127640.0,61.37,74990.0,96010.0,160860.0,185720.0,2024,1693.8,1961.4,15.8,115.2,30.7,57.7,4.8,0.014776506742768758
39460,"Punta Gorda, FL",4,15-1252,Software Developers,190.0,131860.0,63.39,130540.0,62.76,90820.0,104400.0,144120.0,179750.0,2024,1693.8,1961.4,15.8,115.2,30.7,57.7,4.8,0.014776506742768758
39540,"Racine-Mount Pleasant, WI",4,15-1252,Software Developers,310.0,101460.0,48.78,97280.0,46.77,66200.0,77930.0,122870.0,138130.0,2024,1693.8,1961.4,15.8,115.2,30.7,57.7,4.8,0.014776506742768758
39580,"Raleigh-Cary, NC",4,15-1252,Software Developers,12290.0,135620.0,65.2,131390.0,63.17,82900.0,103660.0,163430.0,180630.0,2024,1693.8,1961.4,15.8,115.2,30.7,57.7,4.8,0.014776506742768758
39660,"Rapid City, SD",4,15-1252,Software Developers,270.0,97490.0,46.87,92460.0,44.45,58860.0,78430.0,104870.0,164000.0,2024,1693.8,1961.4,15.8,115.2,30.7,57.7,4.8,0.014776506742768758
39740,"Reading, PA",4,15-1252,Software Developers,490.0,118500.0,56.97,116990.0,56.25,75580.0,95970.0,133920.0,166620.0,2024,1693.8,1961.4,15.8,115.2,30.7,57.7,4.8,0.014776506742768758
39820,"Redding, CA",4,15-1252,Software Developers,170.0,119760.0,57.58,123320.0,59.29,61390.0,93620.0,143360.0,165350.0,2024,1693.8,1961.4,15.8,115.2,30.7,57.7,4.8,0.014776506742768758
39900,"Reno, NV",4,15-1252,Software Developers,1170.0,137530.0,66.12,129290.0,62.16,65750.0,102750.0,169990.0,205900.0,2024,1693.8,1961.4,15.8,115.2,30.7,57.7,4.8,0.014776506742768758
40060,"Richmond, VA",4,15-1252,Software Developers,6990.0,131430.0,63.19,130760.0,62.87,74960.0,100090.0,160910.0,190430.0,2024,1693.8,1961.4,15.8,115.2,30.7,57.7,4.8,0.014776506742768758
40140,"Riverside-San Bernardino-Ontario, CA",4,15-1252,Software Developers,4340.0,140840.0,67.71,136760.0,65.75,81920.0,106320.0,167940.0,200990.0,2024,1693.8,1961.4,15.8,115.2,30.7,57.7,4.8,0.014776506742768758
40220,"Roanoke, VA",4,15-1252,Software Developers,840.0,105410.0,50.68,99700.0,47.93,66040.0,79860.0,126830.0,157230.0,2024,1693.8,1961.4,15.8,115.2,30.7,57.7,4.8,0.014776506742768758
40340,"Rochester, MN",4,15-1252,Software Developers,1630.0,134750.0,64.79,130480.0,62.73,103210.0,106040.0,159790.0,165820.0,2024,1693.8,1961.4,15.8,115.2,30.7,57.7,4.8,0.014776506742768758
40380,"Rochester, NY",4,15-1252,Software Developers,4270.0,117100.0,56.3,108770.0,52.29,66030.0,85800.0,136480.0,169420.0,2024,1693.8,1961.4,15.8,115.2,30.7,57.7,4.8,0.014776506742768758
40420,"Rockford, IL",4,15-1252,Software Developers,410.0,108300.0,52.07,102510.0,49.28,66850.0,78870.0,128190.0,157470.0,2024,1693.8,1961.4,15.8,115.2,30.7,57.7,4.8,0.014776506742768758
40580,"Rocky Mount, NC",4,15-1252,Software Developers,100.0,113300.0,54.47,107400.0,51.63,73940.0,96210.0,133860.0,157360.0,2024,1693.8,1961.4,15.8,115.2,30.7,57.7,4.8,0.014776506742768758
40660,"Rome, GA",4,15-1252,Software Developers,80.0,107810.0,51.83,113990.0,54.8,57650.0,77290.0,126890.0,161810.0,2024,1693.8,1961.4,15.8,115.2,30.7,57.7,4.8,0.014776506742768758
40900,"Sacramento-Roseville-Folsom, CA",4,15-1252,Software Developers,7410.0,149340.0,71.8,141030.0,67.8,94380.0,115910.0,171020.0,210460.0,2024,1693.8,1961.4,15.8,115.2,30.7,57.7,4.8,0.014776506742768758
40980,"Saginaw, MI",4,15-1252,Software Developers,380.0,102530.0,49.29,103030.0,49.53,77830.0,81180.0,124070.0,133190.0,2024,1693.8,1961.4,15.8,115.2,30.7,57.7,4.8,0.014776506742768758
41060,"St. Cloud, MN",4,15-1252,Software Developers,380.0,106710.0,51.3,100110.0,48.13,71830.0,88700.0,121610.0,149050.0,2024,1693.8,1961.4,15.8,115.2,30.7,57.7,4.8,0.014776506742768758
41100,"St. George, UT",4,15-1252,Software Developers,560.0,117860.0,56.66,106440.0,51.17,63980.0,79100.0,152060.0,188150.0,2024,1693.8,1961.4,15.8,115.2,30.7,57.7,4.8,0.014776506742768758
41140,"St. Joseph, MO-KS",4,15-1252,Software Developers,110.0,99310.0,47.74,95590.0,45.96,64770.0,77440.0,119880.0,146500.0,2024,1693.8,1961.4,15.8,115.2,30.7,57.7,4.8,0.014776506742768758
41180,"St. Louis, MO-IL",4,15-1252,Software Developers,9360.0,118920.0,57.17,120490.0,57.93,64880.0,91400.0,137970.0,166510.0,2024,1693.8,1961.4,15.8,115.2,30.7,57.7,4.8,0.014776506742768758
41420,"Salem, OR",4,15-1252,Software Developers,1050.0,123050.0,59.16,121620.0,58.47,83950.0,101670.0,136910.0,163000.0,2024,1693.8,1961.4,15.8,115.2,30.7,57.7,4.8,0.014776506742768758
41500,"Salinas, CA",4,15-1252,Software Developers,280.0,141030.0,67.8,134300.0,64.57,83960.0,103310.0,168780.0,209760.0,2024,1693.8,1961.4,15.8,115.2,30.7,57.7,4.8,0.014776506742768758
41540,"Salisbury, MD",4,15-1252,Software Developers,80.0,123780.0,59.51,119690.0,57.55,72080.0,95040.0,161480.0,175930.0,2024,1693.8,1961.4,15.8,115.2,30.7,57.7,4.8,0.014776506742768758
41620,"Salt Lake City-Murray, UT",4,15-1252,Software Developers,16740.0,128690.0,61.87,128350.0,61.71,76580.0,98280.0,159520.0,173890.0,2024,1693.8,1961.4,15.8,115.2,30.7,57.7,4.8,0.014776506742768758
41660,"San Angelo, TX",4,15-1252,Software Developers,160.0,107920.0,51.88,104450.0,50.22,68500.0,78550.0,124450.0,153670.0,2024,1693.8,1961.4,15.8,115.2,30.7,57.7,4.8,0.014776506742768758
41700,"San Antonio-New Braunfels, TX",4,15-1252,Software Developers,6890.0,127930.0,61.51,125210.0,60.2,76610.0,99440.0,153470.0,164580.0,2024,1693.8,1961.4,15.8,115.2,30.7,57.7,4.8,0.014776506742768758
41740,"San Diego-Chula Vista-Carlsbad, CA",4,15-1252,Software Developers,21080.0,157860.0,75.89,159240.0,76.56,95130.0,125170.0,174420.0,212100.0,2024,1693.8,1961.4,15.8,115.2,30.7,57.7,4.8,0.014776506742768758
41780,"Sandusky, OH",4,15-1252,Software Developers,60.0,111120.0,53.42,103780.0,49.9,71850.0,83460.0,132440.0,161180.0,2024,1693.8,1961.4,15.8,115.2,30.7,57.7,4.8,0.014776506742768758
41860,"San Francisco-Oakland-Fremont, CA",4,15-1252,Software Developers,76900.0,187840.0,90.31,174910.0,84.09,128140.0,160060.0,213420.0,,2024,1693.8,1961.4,15.8,115.2,30.7,57.7,4.8,0.014776506742768758
41940,"San Jose-Sunnyvale-Santa Clara, CA",4,15-1252,Software Developers,90280.0,226510.0,108.9,208270.0,100.13,134830.0,171610.0,222550.0,,2024,1693.8,1961.4,15.8,115.2,30.7,57.7,4.8,0.014776506742768758
41980,"San Juan-Bayamon-Caguas, PR",4,15-1252,Software Developers,1240.0,66760.0,32.1,62770.0,30.18,33200.0,48040.0,82280.0,99350.0,2024,1693.8,1961.4,15.8,115.2,30.7,57.7,4.8,0.014776506742768758
42020,"San Luis Obispo-Paso Robles, CA",4,15-1252,Software Developers,480.0,139490.0,67.06,132010.0,63.47,79410.0,110540.0,162810.0,200360.0,2024,1693.8,1961.4,15.8,115.2,30.7,57.7,4.8,0.014776506742768758
42100,"Santa Cruz-Watsonville, CA",4,15-1252,Software Developers,580.0,147430.0,70.88,138740.0,66.7,95540.0,108820.0,170770.0,202940.0,2024,1693.8,1961.4,15.8,115.2,30.7,57.7,4.8,0.014776506742768758
42140,"Santa Fe, NM",4,15-1252,Software Developers,450.0,120260.0,57.82,113570.0,54.6,67810.0,90910.0,143990.0,172170.0,2024,1693.8,1961.4,15.8,115.2,30.7,57.7,4.8,0.014776506742768758
42200,"Santa Maria-Santa Barbara, CA",4,15-1252,Software Developers,2030.0,160920.0,77.37,163020.0,78.38,99360.0,124720.0,170570.0,213440.0,2024,1693.8,1961.4,15.8,115.2,30.7,57.7,4.8,0.014776506742768758
42220,"Santa Rosa-Petaluma, CA",4,15-1252,Software Developers,630.0,146990.0,70.67,141140.0,67.86,86580.0,114180.0,172220.0,203830.0,2024,1693.8,1961.4,15.8,115.2,30.7,57.7,4.8,0.014776506742768758
42340,"Savannah, GA",4,15-1252,Software Developers,420.0,119360.0,57.38,120860.0,58.11,60120.0,84500.0,153070.0,176370.0,2024,1693.8,1961.4,15.8,115.2,30.7,57.7,4.8,0.014776506742768758
42540,"Scranton--Wilkes-Barre, PA",4,15-1252,Software Developers,700.0,112720.0,54.19,110860.0,53.3,68290.0,87030.0,130950.0,153620.0,2024,1693.8,1961.4,15.8,115.2,30.7,57.7,4.8,0.014776506742768758
42660,"Seattle-Tacoma-Bellevue, WA",4,15-1252,Software Developers,72730.0,181040.0,87.04,169340.0,81.42,105060.0,136010.0,211590.0,,2024,1693.8,1961.4,15.8,115.2,30.7,57.7,4.8,0.014776506742768758
42680,"Sebastian-Vero Beach-West Vero Corridor, FL",4,15-1252,Software Developers,180.0,130670.0,62.82,125310.0,60.25,75420.0,100850.0,161780.0,187610.0,2024,1693.8,1961.4,15.8,115.2,30.7,57.7,4.8,0.014776506742768758
43100,"Sheboygan, WI",4,15-1252,Software Developers,280.0,103870.0,49.94,104170.0,50.08,72110.0,89690.0,119760.0,132340.0,2024,1693.8,1961.4,15.8,115.2,30.7,57.7,4.8,0.014776506742768758
43300,"Sherman-Denison, TX",4,15-1252,Software Developers,80.0,124110.0,59.67,124750.0,59.98,69750.0,96720.0,148540.0,162090.0,2024,1693.8,1961.4,15.8,115.2,30.7,57.7,4.8,0.014776506742768758
43340,"Shreveport-Bossier City, LA",4,15-1252,Software Developers,280.0,127550.0,61.32,109870.0,52.82,76420.0,84870.0,123800.0,155650.0,2024,1693.8,1961.4,15.8,115.2,30.7,57.7,4.8,0.014776506742768758
43420,"Sierra Vista-Douglas, AZ",4,15-1252,Software Developers,270.0,116470.0,56.0,115330.0,55.45,67830.0,88330.0,137580.0,168520.0,2024,1693.8,1961.4,15.8,115.2,30.7,57.7,4.8,0.014776506742768758
43580,"Sioux City, IA-NE-SD",4,15-1252,Software Developers,260.0,105150.0,50.55,101210.0,48.66,73570.0,80090.0,124930.0,152050.0,2024,1693.8,1961.4,15.8,115.2,30.7,57.7,4.8,0.014776506742768758
43620,"Sioux Falls, SD-MN",4,15-1252,Software Developers,1230.0,91560.0,44.02,87770.0,42.2,53630.0,73280.0,104940.0,128490.0,2024,1693.8,1961.4,15.8,115.2,30.7,57.7,4.8,0.014776506742768758
43640,"Slidell-Mandeville-Covington, LA",4,15-1252,Software Developers,320.0,115810.0,55.68,115790.0,55.67,71930.0,87100.0,133880.0,159730.0,2024,1693.8,1961.4,15.8,115.2,30.7,57.7,4.8,0.014776506742768758
43780,"South Bend-Mishawaka, IN-MI",4,15-1252,Software Developers,330.0,101310.0,48.71,97930.0,47.08,65150.0,80900.0,120830.0,142460.0,2024,1693.8,1961.4,15.8,115.2,30.7,57.7,4.8,0.014776506742768758
43900,"Spartanburg, SC",4,15-1252,Software Developers,530.0,121780.0,58.55,117950.0,56.71,63760.0,80380.0,160880.0,190920.0,2024,1693.8,1961.4,15.8,115.2,30.7,57.7,4.8,0.014776506742768758
44060,"Spokane-Spokane Valley, WA",4,15-1252,Software Developers,1760.0,127210.0,61.16,121530.0,58.43,76010.0,98830.0,157310.0,178920.0,2024,1693.8,1961.4,15.8,115.2,30.7,57.7,4.8,0.014776506742768758
44100,"Springfield, IL",4,15-1252,Software Developers,690.0,113950.0,54.79,102710.0,49.38,66860.0,92430.0,127010.0,164350.0,2024,1693.8,1961.4,15.8,115.2,30.7,57.7,4.8,0.014776506742768758
44140,"Springfield, MA",4,15-1252,Software Developers,800.0,128720.0,61.88,127260.0,61.18,85070.0,103120.0,147470.0,171790.0,2024,1693.8,1961.4,15.8,115.2,30.7,57.7,4.8,0.014776506742768758
44180,"Springfield, MO",4,15-1252,Software Developers,630.0,99460.0,47.82,98460.0,47.34,53470.0,67860.0,124800.0,147970.0,2024,1693.8,1961.4,15.8,115.2,30.7,57.7,4.8,0.014776506742768758
44220,"Springfield, OH",4,15-1252,Software Developers,90.0,112560.0,54.12,105270.0,50.61,64770.0,82680.0,129070.0,164110.0,2024,1693.8,1961.4,15.8,115.2,30.7,57.7,4.8,0.014776506742768758
44300,"State College, PA",4,15-1252,Software Developers,370.0,111110.0,53.42,103380.0,49.7,70390.0,85470.0,128160.0,155860.0,2024,1693.8,1961.4,15.8,115.2,30.7,57.7,4.8,0.014776506742768758
44420,"Staunton-Stuarts Draft, VA",4,15-1252,Software Developers,170.0,115170.0,55.37,108150.0,52.0,65300.0,79680.0,136500.0,169280.0,2024,1693.8,1961.4,15.8,115.2,30.7,57.7,4.8,0.014776506742768758
44700,"Stockton-Lodi, CA",4,15-1252,Software Developers,580.0,134200.0,64.52,128440.0,61.75,90220.0,102030.0,162180.0,193920.0,2024,1693.8,1961.4,15.8,115.2,30.7,57.7,4.8,0.014776506742768758
44940,"Sumter, SC",4,15-1252,Software Developers,60.0,119620.0,57.51,114490.0,55.04,56150.0,80400.0,156950.0,187710.0,2024,1693.8,1961.4,15.8,115.2,30.7,57.7,4.8,0.014776506742768758
45060,"Syracuse, NY",4,15-1252,Software Developers,2140.0,123840.0,59.54,121340.0,58.34,78010.0,95270.0,154750.0,174770.0,2024,1693.8,1961.4,15.8,115.2,30.7,57.7,4.8,0.014776506742768758
45220,"Tallahassee, FL",4,15-1252,Software Developers,1340.0,103850.0,49.93,100980.0,48.55,45570.0,73770.0,128910.0,160960.0,2024,1693.8,1961.4,15.8,115.2,30.7,57.7,4.8,0.014776506742768758
45300,"Tampa-St. Petersburg-Clearwater, FL",4,15-1252,Software Developers,14520.0,123450.0,59.35,126380.0,60.76,66890.0,96660.0,157960.0,168060.0,2024,1693.8,1961.4,15.8,115.2,30.7,57.7,4.8,0.014776506742768758
45460,"Terre Haute, IN",4,15-1252,Software Developers,40.0,98740.0,47.47,96190.0,46.25,55440.0,76330.0,119140.0,144730.0,2024,1693.8,1961.4,15.8,115.2,30.7,57.7,4.8,0.014776506742768758
45500,"Texarkana, TX-AR",4,15-1252,Software Developers,90.0,125650.0,60.41,109840.0,52.81,65650.0,97150.0,131230.0,153560.0,2024,1693.8,1961.4,15.8,115.2,30.7,57.7,4.8,0.014776506742768758
45780,"Toledo, OH",4,15-1252,Software Developers,960.0,109940.0,52.86,100330.0,48.24,63090.0,81950.0,130380.0,161890.0,2024,1693.8,1961.4,15.8,115.2,30.7,57.7,4.8,0.014776506742768758
45820,"Topeka, KS",4,15-1252,Software Developers,1220.0,105360.0,50.65,102240.0,49.15,61840.0,76840.0,129640.0,157770.0,2024,1693.8,1961.4,15.8,115.2,30.7,57.7,4.8,0.014776506742768758
45900,"Traverse City, MI",4,15-1252,Software Developers,160.0,99370.0,47.77,94010.0,45.2,62130.0,78840.0,116890.0,149170.0,2024,1693.8,1961.4,15.8,115.2,30.7,57.7,4.8,0.014776506742768758
45940,"Trenton-Princeton, NJ",4,15-1252,Software Developers,4010.0,130840.0,62.9,126820.0,60.97,78210.0,98610.0,159690.0,185820.0,2024,1693.8,1961.4,15.8,115.2,30.7,57.7,4.8,0.014776506742768758
46060,"Tucson, AZ",4,15-1252,Software Developers,5500.0,128860.0,61.95,114230.0,54.92,83160.0,91580.0,146580.0,186280.0,2024,1693.8,1961.4,15.8,115.2,30.7,57.7,4.8,0.014776506742768758
46140,"Tulsa, OK",4,15-1252,Software Developers,2170.0,115400.0,55.48,109190.0,52.49,59850.0,80160.0,150450.0,167040.0,2024,1693.8,1961.4,15.8,115.2,30.7,57.7,4.8,0.014776506742768758
46220,"Tuscaloosa, AL",4,15-1252,Software Developers,240.0,106710.0,51.3,98790.0,47.49,59210.0,77160.0,124220.0,163050.0,2024,1693.8,1961.4,15.8,115.2,30.7,57.7,4.8,0.014776506742768758
46300,"Twin Falls, ID",4,15-1252,Software Developers,90.0,129060.0,62.05,103450.0,49.73,52920.0,76960.0,126080.0,166700.0,2024,1693.8,1961.4,15.8,115.2,30.7,57.7,4.8,0.014776506742768758
46340,"Tyler, TX",4,15-1252,Software Developers,300.0,117440.0,56.46,116500.0,56.01,70670.0,89680.0,133780.0,161080.0,2024,1693.8,1961.4,15.8,115.2,30.7,57.7,4.8,0.014776506742768758
46520,"Urban Honolulu, HI",4,15-1252,Software Developers,1630.0,121460.0,58.4,118630.0,57.03,52920.0,79810.0,162380.0,193380.0,2024,1693.8,1961.4,15.8,115.2,30.7,57.7,4.8,0.014776506742768758
46540,"Utica-Rome, NY",4,15-1252,Software Developers,630.0,110730.0,53.24,101790.0,48.94,62990.0,78980.0,132870.0,162920.0,2024,1693.8,1961.4,15.8,115.2,30.7,57.7,4.8,0.014776506742768758
46660,"Valdosta, GA",4,15-1252,Software Developers,80.0,115650.0,55.6,103220.0,49.62,54460.0,80250.0,164200.0,165460.0,2024,1693.8,1961.4,15.8,115.2,30.7,57.7,4.8,0.014776506742768758
46700,"Vallejo, CA",4,15-1252,Software Developers,320.0,137450.0,66.08,134570.0,64.7,85750.0,106190.0,163920.0,201670.0,2024,1693.8,1961.4,15.8,115.2,30.7,57.7,4.8,0.014776506742768758
47020,"Victoria, TX",4,15-1252,Software Developers,40.0,113690.0,54.66,120030.0,57.71,74490.0,90200.0,129430.0,144850.0,2024,1693.8,1961.4,15.8,115.2,30.7,57.7,4.8,0.014776506742768758
47220,"Vineland, NJ",4,15-1252,Software Developers,70.0,129950.0,62.48,126480.0,60.81,83940.0,105810.0,146280.0,170070.0,2024,1693.8,1961.4,15.8,115.2,30.7,57.7,4.8,0.014776506742768758
47260,"Virginia Beach-Chesapeake-Norfolk, VA-NC",4,15-1252,Software Developers,6740.0,125540.0,60.36,125930.0,60.54,77080.0,96490.0,157740.0,173820.0,2024,1693.8,1961.4,15.8,115.2,30.7,57.7,4.8,0.014776506742768758
47300,"Visalia, CA",4,15-1252,Software Developers,190.0,124960.0,60.08,124410.0,59.81,70810.0,97880.0,152080.0,172460.0,2024,1693.8,1961.4,15.8,115.2,30.7,57.7,4.8,0.014776506742768758
47380,"Waco, TX",4,15-1252,Software Developers,460.0,116340.0,55.93,118870.0,57.15,66800.0,88850.0,130720.0,162370.0,2024,1693.8,1961.4,15.8,115.2,30.7,57.7,4.8,0.014776506742768758
47460,"Walla Walla, WA",4,15-1252,Software Developers,90.0,114900.0,55.24,106330.0,51.12,72560.0,79040.0,128630.0,202300.0,2024,1693.8,1961.4,15.8,115.2,30.7,57.7,4.8,0.014776506742768758
47580,"Warner Robins, GA",4,15-1252,Software Developers,350.0,113590.0,54.61,106330.0,51.12,62920.0,83990.0,134440.0,161700.0,2024,1693.8,1961.4,15.8,115.2,30.7,57.7,4.8,0.014776506742768758
47900,"Washington-Arlington-Alexandria, DC-VA-MD-WV",4,15-1252,Software Developers,68210.0,151000.0,72.6,150880.0,72.54,94370.0,120490.0,173540.0,211230.0,2024,1693.8,1961.4,15.8,115.2,30.7,57.7,4.8,0.014776506742768758
47930,"Waterbury-Shelton, CT",4,15-1252,Software Developers,1110.0,133590.0,64.23,128160.0,61.61,79520.0,104010.0,161270.0,182840.0,2024,1693.8,1961.4,15.8,115.2,30.7,57.7,4.8,0.014776506742768758
47940,"Waterloo-Cedar Falls, IA",4,15-1252,Software Developers,270.0,110890.0,53.31,102510.0,49.28,62880.0,82910.0,130270.0,165590.0,2024,1693.8,1961.4,15.8,115.2,30.7,57.7,4.8,0.014776506742768758
48060,"Watertown-Fort Drum, NY",4,15-1252,Software Developers,60.0,109730.0,52.76,103710.0,49.86,60320.0,79700.0,130570.0,163670.0,2024,1693.8,1961.4,15.8,115.2,30.7,57.7,4.8,0.014776506742768758
48140,"Wausau, WI",4,15-1252,Software Developers,270.0,110490.0,53.12,100840.0,48.48,63150.0,83580.0,125440.0,160150.0,2024,1693.8,1961.4,15.8,115.2,30.7,57.7,4.8,0.014776506742768758
48260,"Weirton-Steubenville, WV-OH",4,15-1252,Software Developers,60.0,112280.0,53.98,116720.0,56.11,64580.0,78430.0,125640.0,157610.0,2024,1693.8,1961.4,15.8,115.2,30.7,57.7,4.8,0.014776506742768758
48300,"Wenatchee-East Wenatchee, WA",4,15-1252,Software Developers,150.0,129260.0,62.14,123740.0,59.49,78730.0,98590.0,156510.0,182890.0,2024,1693.8,1961.4,15.8,115.2,30.7,57.7,4.8,0.014776506742768758
48540,"Wheeling, WV-OH",4,15-1252,Software Developers,90.0,108590.0,52.21,106930.0,51.41,62120.0,88560.0,126880.0,150970.0,2024,1693.8,1961.4,15.8,115.2,30.7,57.7,4.8,0.014776506742768758
48620,"Wichita, KS",4,15-1252,Software Developers,2170.0,106710.0,51.3,102440.0,49.25,60860.0,76210.0,127040.0,163950.0,2024,1693.8,1961.4,15.8,115.2,30.7,57.7,4.8,0.014776506742768758
48660,"Wichita Falls, TX",4,15-1252,Software Developers,70.0,118400.0,56.92,110540.0,53.14,66450.0,94700.0,131400.0,148340.0,2024,1693.8,1961.4,15.8,115.2,30.7,57.7,4.8,0.014776506742768758
48680,"Wildwood-The Villages, FL",4,15-1252,Software Developers,130.0,126460.0,60.8,124620.0,59.91,74780.0,95730.0,150320.0,186660.0,2024,1693.8,1961.4,15.8,115.2,30.7,57.7,4.8,0.014776506742768758
48700,"Williamsport, PA",4,15-1252,Software Developers,60.0,95900.0,46.11,91310.0,43.9,63760.0,79460.0,105620.0,133450.0,2024,1693.8,1961.4,15.8,115.2,30.7,57.7,4.8,0.014776506742768758
48900,"Wilmington, NC",4,15-1252,Software Developers,800.0,121190.0,58.27,120240.0,57.81,70360.0,94010.0,152790.0,164670.0,2024,1693.8,1961.4,15.8,115.2,30.7,57.7,4.8,0.014776506742768758
49020,"Winchester, VA-WV",4,15-1252,Software Developers,340.0,123340.0,59.3,128960.0,62.0,72710.0,101650.0,138320.0,163900.0,2024,1693.8,1961.4,15.8,115.2,30.7,57.7,4.8,0.014776506742768758
49180,"Winston-Salem, NC",4,15-1252,Software Developers,1270.0,127280.0,61.19,125140.0,60.17,76440.0,100000.0,148650.0,179990.0,2024,1693.8,1961.4,15.8,115.2,30.7,57.7,4.8,0.014776506742768758
49340,"Worcester, MA",4,15-1252,Software Developers,1790.0,137900.0,66.3,130200.0,62.6,92470.0,104540.0,162760.0,193590.0,2024,1693.8,1961.4,15.8,115.2,30.7,57.7,4.8,0.014776506742768758
49420,"Yakima, WA",4,15-1252,Software Developers,220.0,123530.0,59.39,111320.0,53.52,73620.0,81920.0,146460.0,194120.0,2024,1693.8,1961.4,15.8,115.2,30.7,57.7,4.8,0.014776506742768758
49620,"York-Hanover, PA",4,15-1252,Software Developers,480.0,111140.0,53.43,103310.0,49.67,70070.0,82650.0,125960.0,152290.0,2024,1693.8,1961.4,15.8,115.2,30.7,57.7,4.8,0.014776506742768758
49660,"Youngstown-Warren, OH",4,15-1252,Software Developers,270.0,107570.0,51.71,101870.0,48.98,61710.0,76800.0,128410.0,154510.0,2024,1693.8,1961.4,15.8,115.2,30.7,57.7,4.8,0.014776506742768758
49700,"Yuba City, CA",4,15-1252,Software Developers,70.0,141540.0,68.05,145550.0,69.98,76120.0,111460.0,167200.0,195100.0,2024,1693.8,1961.4,15.8,115.2,30.7,57.7,4.8,0.014776506742768758
49740,"Yuma, AZ",4,15-1252,Software Developers,200.0,121850.0,58.58,123840.0,59.54,75160.0,89370.0,132750.0,168890.0,2024,1693.8,1961.4,15.8,115.2,30.7,57.7,4.8,0.014776506742768758
14500,"Boulder, CO",4,15-1252,Software Developers,7790.0,186270.0,89.55,159670.0,76.76,97930.0,123310.0,206980.0,,2024,1693.8,1961.4,15.8,115.2,30.7,57.7,4.8,0.014776506742768758
17820,"Colorado Springs, CO",4,15-1252,Software Developers,5370.0,134300.0,64.57,130170.0,62.58,86880.0,107120.0,159330.0,183990.0,2024,1693.8,1961.4,15.8,115.2,30.7,57.7,4.8,0.014776506742768758
19740,"Denver-Aurora-Centennial, CO",4,15-1252,Software Developers,31190.0,142530.0,68.53,134120.0,64.48,96080.0,107780.0,167060.0,208640.0,2024,1693.8,1961.4,15.8,115.2,30.7,57.7,4.8,0.014776506742768758
22660,"Fort Collins-Loveland, CO",4,15-1252,Software Developers,2060.0,135120.0,64.96,129160.0,62.1,81470.0,97090.0,160000.0,213750.0,2024,1693.8,1961.4,15.8,115.2,30.7,57.7,4.8,0.014776506742768758
24300,"Grand Junction, CO",4,15-1252,Software Developers,180.0,116660.0,56.09,118320.0,56.89,65350.0,83700.0,144280.0,160780.0,2024,1693.8,1961.4,15.8,115.2,30.7,57.7,4.8,0.014776506742768758
24540,"Greeley, CO",4,15-1252,Software Developers,580.0,137250.0,65.99,123300.0,59.28,79810.0,101250.0,160150.0,234070.0,2024,1693.8,1961.4,15.8,115.2,30.7,57.7,4.8,0.014776506742768758
39380,"Pueblo, CO",4,15-1252,Software Developers,130.0,108300.0,52.07,97390.0,46.82,63530.0,77010.0,131500.0,176800.0,2024,1693.8,1961.4,15.8,115.2,30.7,57.7,4.8,0.014776506742768758
